Código Axapta;Nombre comercial producto;Principio Activo;contenido;Precio aprobado x umc;Precio aprobado x presentac; Precio Regulado 10% o 15% TAB ; Precio Regulado X Pres. ; código cliente ;Nombre Cliente;Vigencia Desde;Hasta;Convenio;Observaciones
001-006-036;ABRILAR FCO 100 ML;Hedera Helix;1;13000;13000;;; 1010 ;Audifarma SA;01/10/2019;31/10/2020;CONSORCIO;
001-006-036;ABRILAR FCO 100 ML;Hedera Helix;1;13000;13000;;; 1026 ;Caja De Comp Fam Compensar;01/10/2019;31/10/2020;CONSORCIO;
001-006-036;ABRILAR FCO 100 ML;Hedera Helix;1;13000;13000;;; 2688 ;Asisfarma SA;01/10/2019;31/10/2020;CONSORCIO;
001-008-003;ACRYLARM GEL X 10 GRS;Acido Poliacrílico 2 mg;1;18720;18720;;; 1010 ;Audifarma SA;01/10/2019;31/10/2020;CONSORCIO;
001-008-003;ACRYLARM GEL X 10 GRS;Acido Poliacrílico 2 mg;1;18720;18720;;; 1026 ;Caja De Comp Fam Compensar;01/10/2019;31/10/2020;CONSORCIO;
001-008-003;ACRYLARM GEL X 10 GRS;Acido Poliacrílico 2 mg;1;18720;18720;;; 2688 ;Asisfarma SA;01/10/2019;31/10/2020;CONSORCIO;
001-008-201;ACRYLARM PLUS X 10 G;Acido Poliacrílico 2 mg (Carbomero 02%);1;18720;18720;;; 1010 ;Audifarma SA;01/10/2019;31/10/2020;CONSORCIO;
001-008-201;ACRYLARM PLUS X 10 G;Acido Poliacrílico 2 mg (Carbomero 02%);1;18720;18720;;; 1026 ;Caja De Comp Fam Compensar;01/10/2019;31/10/2020;CONSORCIO;
001-008-201;ACRYLARM PLUS X 10 G;Acido Poliacrílico 2 mg (Carbomero 02%);1;18720;18720;;; 2688 ;Asisfarma SA;01/10/2019;31/10/2020;CONSORCIO;
001-006-622;ALACIR 30 MG X 30;Duloxetina 30 mg;30;480;14400;;; 1010 ;Audifarma SA;01/10/2019;31/10/2020;CONSORCIO;
001-006-622;ALACIR 30 MG X 30;Duloxetina 30 mg;30;480;14400;;; 1026 ;Caja De Comp Fam Compensar;01/10/2019;31/10/2020;CONSORCIO;
001-006-622;ALACIR 30 MG X 30;Duloxetina 30 mg;30;480;14400;;; 2688 ;Asisfarma SA;01/10/2019;31/10/2020;CONSORCIO;
001-006-623;ALACIR 60 MG X 30;Duloxetina 60 mg;30;910;27300;;; 1010 ;Audifarma SA;01/10/2019;31/10/2020;CONSORCIO;
001-006-623;ALACIR 60 MG X 30;Duloxetina 60 mg;30;910;27300;;; 1026 ;Caja De Comp Fam Compensar;01/10/2019;31/10/2020;CONSORCIO;
001-006-623;ALACIR 60 MG X 30;Duloxetina 60 mg;30;910;27300;;; 2688 ;Asisfarma SA;01/10/2019;31/10/2020;CONSORCIO;
001-500-001;ALERGIBON AVENA X 90 G;Jabón suave con Avena;1;12000;12000;;; 1010 ;Audifarma SA;01/10/2019;31/10/2020;CONSORCIO;
001-500-001;ALERGIBON AVENA X 90 G;Jabón suave con Avena;1;12000;12000;;; 1026 ;Caja De Comp Fam Compensar;01/10/2019;31/10/2020;CONSORCIO;
001-500-001;ALERGIBON AVENA X 90 G;Jabón suave con Avena;1;12000;12000;;; 2688 ;Asisfarma SA;01/10/2019;31/10/2020;CONSORCIO;
001-004-011;ALERGIBON LECHE X 90 G;Jabón suave emoliente;1;11400;11400;;; 1010 ;Audifarma SA;01/10/2019;31/10/2020;CONSORCIO;
001-004-011;ALERGIBON LECHE X 90 G;Jabón suave emoliente;1;11400;11400;;; 1026 ;Caja De Comp Fam Compensar;01/10/2019;31/10/2020;CONSORCIO;
001-004-011;ALERGIBON LECHE X 90 G;Jabón suave emoliente;1;11400;11400;;; 2688 ;Asisfarma SA;01/10/2019;31/10/2020;CONSORCIO;
001-110-001;ALGI B CAJA X 20 TABLETAS;Acetaminofen 325 mg + Tizanidina 2 mg;20;650;13000;;; 1010 ;Audifarma SA;01/10/2019;31/10/2020;CONSORCIO;
001-110-001;ALGI B CAJA X 20 TABLETAS;Acetaminofen 325 mg + Tizanidina 2 mg;20;650;13000;;; 1026 ;Caja De Comp Fam Compensar;01/10/2019;31/10/2020;CONSORCIO;
001-110-001;ALGI B CAJA X 20 TABLETAS;Acetaminofen 325 mg + Tizanidina 2 mg;20;650;13000;;; 2688 ;Asisfarma SA;01/10/2019;31/10/2020;CONSORCIO;
001-006-007;AMOXIDAL DUO 750 MG SUSP X 120 ML + AGUA + JERINGA;Amoxicilina 750 mg / 5 ml;1;32000;32000;;; 1010 ;Audifarma SA;01/10/2019;31/10/2020;CONSORCIO;
001-006-007;AMOXIDAL DUO 750 MG SUSP X 120 ML + AGUA + JERINGA;Amoxicilina 750 mg / 5 ml;1;32000;32000;;; 1026 ;Caja De Comp Fam Compensar;01/10/2019;31/10/2020;CONSORCIO;
001-006-007;AMOXIDAL DUO 750 MG SUSP X 120 ML + AGUA + JERINGA;Amoxicilina 750 mg / 5 ml;1;32000;32000;;; 2688 ;Asisfarma SA;01/10/2019;31/10/2020;CONSORCIO;
001-006-007;AMOXIDAL DUO 750 MG SUSP X 120 ML + AGUA + JERINGA;Amoxicilina 750 mg / 5 ml;1;32000;32000;;; 1010 ;Audifarma SA;01/10/2019;31/10/2020;CONSORCIO;
001-006-007;AMOXIDAL DUO 750 MG SUSP X 120 ML + AGUA + JERINGA;Amoxicilina 750 mg / 5 ml;1;32000;32000;;; 1026 ;Caja De Comp Fam Compensar;01/10/2019;31/10/2020;CONSORCIO;
001-006-007;AMOXIDAL DUO 750 MG SUSP X 120 ML + AGUA + JERINGA;Amoxicilina 750 mg / 5 ml;1;32000;32000;;; 2688 ;Asisfarma SA;01/10/2019;31/10/2020;CONSORCIO;
001-006-001;AMOXIDAL DUO SUSP 750 MG X 70 ML;Amoxicilina 750 mg / 5 ml;1;27000;27000;;; 1010 ;Audifarma SA;01/10/2019;31/10/2020;CONSORCIO;
001-006-001;AMOXIDAL DUO SUSP 750 MG X 70 ML;Amoxicilina 750 mg / 5 ml;1;27000;27000;;; 1026 ;Caja De Comp Fam Compensar;01/10/2019;31/10/2020;CONSORCIO;
001-006-001;AMOXIDAL DUO SUSP 750 MG X 70 ML;Amoxicilina 750 mg / 5 ml;1;27000;27000;;; 2688 ;Asisfarma SA;01/10/2019;31/10/2020;CONSORCIO;
001-006-006;AMOXIDAL DUO X 14 COMP 875 MG;Amoxicilina 875 mg;14;1800;25200;;; 1010 ;Audifarma SA;01/10/2019;31/10/2020;CONSORCIO;
001-006-006;AMOXIDAL DUO X 14 COMP 875 MG;Amoxicilina 875 mg;14;1800;25200;;; 1026 ;Caja De Comp Fam Compensar;01/10/2019;31/10/2020;CONSORCIO;
001-006-006;AMOXIDAL DUO X 14 COMP 875 MG;Amoxicilina 875 mg;14;1800;25200;;; 2688 ;Asisfarma SA;01/10/2019;31/10/2020;CONSORCIO;
001-110-004;APROLAC 80 MG CAJA X 30 TABLETAS;Isoflavonas de Soya 80 mg;30;360;10800;;; 1010 ;Audifarma SA;01/10/2019;31/10/2020;CONSORCIO;
001-110-004;APROLAC 80 MG CAJA X 30 TABLETAS;Isoflavonas de Soya 80 mg;30;360;10800;;; 1026 ;Caja De Comp Fam Compensar;01/10/2019;31/10/2020;CONSORCIO;
001-110-004;APROLAC 80 MG CAJA X 30 TABLETAS;Isoflavonas de Soya 80 mg;30;360;10800;;; 2688 ;Asisfarma SA;01/10/2019;31/10/2020;CONSORCIO;
001-500-678;AQUATOP CREMA X 250G;Restorafilm Complex;1;51000;51000;;; 1010 ;Audifarma SA;01/10/2019;31/10/2020;CONSORCIO;
001-500-678;AQUATOP CREMA X 250G;Restorafilm Complex;1;51000;51000;;; 1026 ;Caja De Comp Fam Compensar;01/10/2019;31/10/2020;CONSORCIO;
001-500-678;AQUATOP CREMA X 250G;Restorafilm Complex;1;51000;51000;;; 2688 ;Asisfarma SA;01/10/2019;31/10/2020;CONSORCIO;
001-110-005;ARAMAX 25/50 X 30 CAPSULAS;Amlodipino 25 + Losartan 50 mg;30;1150;34500;;; 1010 ;Audifarma SA;01/10/2019;31/10/2020;CONSORCIO;
001-110-005;ARAMAX 25/50 X 30 CAPSULAS;Amlodipino 25 + Losartan 50 mg;30;1150;34500;;; 1026 ;Caja De Comp Fam Compensar;01/10/2019;31/10/2020;CONSORCIO;
001-110-005;ARAMAX 25/50 X 30 CAPSULAS;Amlodipino 25 + Losartan 50 mg;30;1150;34500;;; 2688 ;Asisfarma SA;01/10/2019;31/10/2020;CONSORCIO;
001-110-006;ARAMAX 5/100 X 30 CAPSULAS;Amlodipino 5 mg + Losartan 100 mg;30;2000;60000;;; 1010 ;Audifarma SA;01/10/2019;31/10/2020;CONSORCIO;
001-110-006;ARAMAX 5/100 X 30 CAPSULAS;Amlodipino 5 mg + Losartan 100 mg;30;2000;60000;;; 1026 ;Caja De Comp Fam Compensar;01/10/2019;31/10/2020;CONSORCIO;
001-110-006;ARAMAX 5/100 X 30 CAPSULAS;Amlodipino 5 mg + Losartan 100 mg;30;2000;60000;;; 2688 ;Asisfarma SA;01/10/2019;31/10/2020;CONSORCIO;
001-110-003;ARAMAX 5/50 X 30 CAPSULAS;Amlodipino 5 mg + Losartan Potásico 50 mg;30;2700;81000;;; 1010 ;Audifarma SA;01/10/2019;31/10/2020;CONSORCIO;
001-110-003;ARAMAX 5/50 X 30 CAPSULAS;Amlodipino 5 mg + Losartan Potásico 50 mg;30;2700;81000;;; 1026 ;Caja De Comp Fam Compensar;01/10/2019;31/10/2020;CONSORCIO;
001-110-003;ARAMAX 5/50 X 30 CAPSULAS;Amlodipino 5 mg + Losartan Potásico 50 mg;30;2700;81000;;; 2688 ;Asisfarma SA;01/10/2019;31/10/2020;CONSORCIO;
001-008-161;ATERGIT 5 ML;Epinastina HCl 005% solución oftálmica;1;49500;49500;;; 1010 ;Audifarma SA;01/10/2019;31/10/2020;CONSORCIO;
001-008-161;ATERGIT 5 ML;Epinastina HCl 005% solución oftálmica;1;49500;49500;;; 1026 ;Caja De Comp Fam Compensar;01/10/2019;31/10/2020;CONSORCIO;
001-008-161;ATERGIT 5 ML;Epinastina HCl 005% solución oftálmica;1;49500;49500;;; 2688 ;Asisfarma SA;01/10/2019;31/10/2020;CONSORCIO;
001-500-025;BABYSKIN N CREMA X 30 G;Oxido de zinc 40% Nistatina 100000 UI/g;1;13860;13860;;; 1010 ;Audifarma SA;01/10/2019;31/10/2020;CONSORCIO;
001-500-025;BABYSKIN N CREMA X 30 G;Oxido de zinc 40% Nistatina 100000 UI/g;1;13860;13860;;; 1026 ;Caja De Comp Fam Compensar;01/10/2019;31/10/2020;CONSORCIO;
001-500-025;BABYSKIN N CREMA X 30 G;Oxido de zinc 40% Nistatina 100000 UI/g;1;13860;13860;;; 2688 ;Asisfarma SA;01/10/2019;31/10/2020;CONSORCIO;
001-500-021;BETARRETIN 0025% CREMA X 30  G;Acido Retinoico 0025% (Tretinoina);1;34000;34000;;; 1010 ;Audifarma SA;01/10/2019;31/10/2020;CONSORCIO;
001-500-021;BETARRETIN 0025% CREMA X 30  G;Acido Retinoico 0025% (Tretinoina);1;34000;34000;;; 1026 ;Caja De Comp Fam Compensar;01/10/2019;31/10/2020;CONSORCIO;
001-500-021;BETARRETIN 0025% CREMA X 30  G;Acido Retinoico 0025% (Tretinoina);1;34000;34000;;; 2688 ;Asisfarma SA;01/10/2019;31/10/2020;CONSORCIO;
001-500-031;BETARRETIN 0025% GEL X 30 G;Acido Retinoico 0025% (Tretinoina);1;37000;37000;;; 1010 ;Audifarma SA;01/10/2019;31/10/2020;CONSORCIO;
001-500-031;BETARRETIN 0025% GEL X 30 G;Acido Retinoico 0025% (Tretinoina);1;37000;37000;;; 1026 ;Caja De Comp Fam Compensar;01/10/2019;31/10/2020;CONSORCIO;
001-500-031;BETARRETIN 0025% GEL X 30 G;Acido Retinoico 0025% (Tretinoina);1;37000;37000;;; 2688 ;Asisfarma SA;01/10/2019;31/10/2020;CONSORCIO;
001-500-041;BETARRETIN 005% CREMA X 30 G;Acido Retinoico 005% (Tretinoina);1;12000;12000;;; 1010 ;Audifarma SA;01/10/2019;31/10/2020;CONSORCIO;
001-500-041;BETARRETIN 005% CREMA X 30 G;Acido Retinoico 005% (Tretinoina);1;12000;12000;;; 1026 ;Caja De Comp Fam Compensar;01/10/2019;31/10/2020;CONSORCIO;
001-500-041;BETARRETIN 005% CREMA X 30 G;Acido Retinoico 005% (Tretinoina);1;12000;12000;;; 2688 ;Asisfarma SA;01/10/2019;31/10/2020;CONSORCIO;
001-500-069;BETARRETIN H CREMA X 30G  HQ 4%;Acido Retinoico 005% + Hidroquinona 4%;1;38500;38500;;; 1010 ;Audifarma SA;01/10/2019;31/10/2020;CONSORCIO;
001-500-069;BETARRETIN H CREMA X 30G  HQ 4%;Acido Retinoico 005% + Hidroquinona 4%;1;38500;38500;;; 1026 ;Caja De Comp Fam Compensar;01/10/2019;31/10/2020;CONSORCIO;
001-500-069;BETARRETIN H CREMA X 30G  HQ 4%;Acido Retinoico 005% + Hidroquinona 4%;1;38500;38500;;; 2688 ;Asisfarma SA;01/10/2019;31/10/2020;CONSORCIO;
001-500-073;BETARRETIN H LOCION x 60 ML HQ 4%;Acido Retinoico 005% + Hidroquinona 4%;1;38000;38000;;; 1010 ;Audifarma SA;01/10/2019;31/10/2020;CONSORCIO;
001-500-073;BETARRETIN H LOCION x 60 ML HQ 4%;Acido Retinoico 005% + Hidroquinona 4%;1;38000;38000;;; 1026 ;Caja De Comp Fam Compensar;01/10/2019;31/10/2020;CONSORCIO;
001-500-073;BETARRETIN H LOCION x 60 ML HQ 4%;Acido Retinoico 005% + Hidroquinona 4%;1;38000;38000;;; 2688 ;Asisfarma SA;01/10/2019;31/10/2020;CONSORCIO;
001-500-006;BETAZOL CREMA X 30 G;Propionato de Clobetasol 005%;1;14700;14700;;; 1010 ;Audifarma SA;01/10/2019;31/10/2020;CONSORCIO;
001-500-006;BETAZOL CREMA X 30 G;Propionato de Clobetasol 005%;1;14700;14700;;; 1026 ;Caja De Comp Fam Compensar;01/10/2019;31/10/2020;CONSORCIO;
001-500-006;BETAZOL CREMA X 30 G;Propionato de Clobetasol 005%;1;14700;14700;;; 2688 ;Asisfarma SA;01/10/2019;31/10/2020;CONSORCIO;
001-500-007;BETAZOL ESPUMA X 50 G;Clobetasol Propionato 005%;1;35000;35000;;; 1010 ;Audifarma SA;01/10/2019;31/10/2020;CONSORCIO;
001-500-007;BETAZOL ESPUMA X 50 G;Clobetasol Propionato 005%;1;35000;35000;;; 1026 ;Caja De Comp Fam Compensar;01/10/2019;31/10/2020;CONSORCIO;
001-500-007;BETAZOL ESPUMA X 50 G;Clobetasol Propionato 005%;1;35000;35000;;; 2688 ;Asisfarma SA;01/10/2019;31/10/2020;CONSORCIO;
001-001-091;BETAZOL LOCION X 60 ML;Propionato de Clobetasol 005%;1;27500;27500;;; 1010 ;Audifarma SA;01/10/2019;31/10/2020;CONSORCIO;
001-001-091;BETAZOL LOCION X 60 ML;Propionato de Clobetasol 005%;1;27500;27500;;; 1026 ;Caja De Comp Fam Compensar;01/10/2019;31/10/2020;CONSORCIO;
001-001-091;BETAZOL LOCION X 60 ML;Propionato de Clobetasol 005%;1;27500;27500;;; 2688 ;Asisfarma SA;01/10/2019;31/10/2020;CONSORCIO;
001-004-061;BONAC GEL 4% X 30 G;Eritromicina 4%;1;32500;32500;;; 1010 ;Audifarma SA;01/10/2019;31/10/2020;CONSORCIO;
001-004-061;BONAC GEL 4% X 30 G;Eritromicina 4%;1;32500;32500;;; 1026 ;Caja De Comp Fam Compensar;01/10/2019;31/10/2020;CONSORCIO;
001-004-061;BONAC GEL 4% X 30 G;Eritromicina 4%;1;32500;32500;;; 2688 ;Asisfarma SA;01/10/2019;31/10/2020;CONSORCIO;
001-004-071;BONAC LOCION X 60 ML;Eritromicina 2%;1;24000;24000;;; 1010 ;Audifarma SA;01/10/2019;31/10/2020;CONSORCIO;
001-004-071;BONAC LOCION X 60 ML;Eritromicina 2%;1;24000;24000;;; 1026 ;Caja De Comp Fam Compensar;01/10/2019;31/10/2020;CONSORCIO;
001-004-071;BONAC LOCION X 60 ML;Eritromicina 2%;1;24000;24000;;; 2688 ;Asisfarma SA;01/10/2019;31/10/2020;CONSORCIO;
001-013-005;Botemib  35mg/10ml Polvo para solución inyectable x 1 PT;Bortezomib 35 mg;1;300000;300000;;; 1010 ;Audifarma SA;01/10/2019;31/10/2020;CONSORCIO;
001-013-005;Botemib  35mg/10ml Polvo para solución inyectable x 1 PT;Bortezomib 35 mg;1;300000;300000;;; 1026 ;Caja De Comp Fam Compensar;01/10/2019;31/10/2020;CONSORCIO;
001-013-005;Botemib  35mg/10ml Polvo para solución inyectable x 1 PT;Bortezomib 35 mg;1;300000;300000;;; 2688 ;Asisfarma SA;01/10/2019;31/10/2020;CONSORCIO;
001-110-192;BRISEN 10 MG CAJA X 30 TABLETAS;Ambrisentan;30;60000;1800000;;; 1010 ;Audifarma SA;01/10/2019;31/10/2020;CONSORCIO;
001-110-192;BRISEN 10 MG CAJA X 30 TABLETAS;Ambrisentan;30;60000;1800000;;; 1026 ;Caja De Comp Fam Compensar;01/10/2019;31/10/2020;CONSORCIO;
001-110-192;BRISEN 10 MG CAJA X 30 TABLETAS;Ambrisentan;30;60000;1800000;;; 2688 ;Asisfarma SA;01/10/2019;31/10/2020;CONSORCIO;
001-110-191;BRISEN 5 MG CAJA X 30 TABLETAS;Ambrisentan;30;30000;900000;;; 1010 ;Audifarma SA;01/10/2019;31/10/2020;CONSORCIO;
001-110-191;BRISEN 5 MG CAJA X 30 TABLETAS;Ambrisentan;30;30000;900000;;; 1026 ;Caja De Comp Fam Compensar;01/10/2019;31/10/2020;CONSORCIO;
001-110-191;BRISEN 5 MG CAJA X 30 TABLETAS;Ambrisentan;30;30000;900000;;; 2688 ;Asisfarma SA;01/10/2019;31/10/2020;CONSORCIO;
001-110-016;BROMUX 100 MG CAJA X 20 TABLETAS;Bromuro Pinaverio 100 mg;20;2450;49000;;; 1010 ;Audifarma SA;01/10/2019;31/10/2020;CONSORCIO;
001-110-016;BROMUX 100 MG CAJA X 20 TABLETAS;Bromuro Pinaverio 100 mg;20;2450;49000;;; 1026 ;Caja De Comp Fam Compensar;01/10/2019;31/10/2020;CONSORCIO;
001-110-016;BROMUX 100 MG CAJA X 20 TABLETAS;Bromuro Pinaverio 100 mg;20;2450;49000;;; 2688 ;Asisfarma SA;01/10/2019;31/10/2020;CONSORCIO;
001-110-018;BROMUX D  CAJA X 30 CAP;Bromuro de Pinaverio 100 mg + Simeticona equivalente a Dimeticona 300 mg;30;1900;57000;;; 1010 ;Audifarma SA;01/10/2019;31/10/2020;CONSORCIO;
001-110-018;BROMUX D  CAJA X 30 CAP;Bromuro de Pinaverio 100 mg + Simeticona equivalente a Dimeticona 300 mg;30;1900;57000;;; 1026 ;Caja De Comp Fam Compensar;01/10/2019;31/10/2020;CONSORCIO;
001-110-018;BROMUX D  CAJA X 30 CAP;Bromuro de Pinaverio 100 mg + Simeticona equivalente a Dimeticona 300 mg;30;1900;57000;;; 2688 ;Asisfarma SA;01/10/2019;31/10/2020;CONSORCIO;
001-110-019;CANDEPREX 16 MG X 30 TAB;Candesartán Cilexetilo 16 mg;30;780;23400;;; 1010 ;Audifarma SA;01/10/2019;31/10/2020;CONSORCIO;
001-110-019;CANDEPREX 16 MG X 30 TAB;Candesartán Cilexetilo 16 mg;30;780;23400;;; 1026 ;Caja De Comp Fam Compensar;01/10/2019;31/10/2020;CONSORCIO;
001-110-019;CANDEPREX 16 MG X 30 TAB;Candesartán Cilexetilo 16 mg;30;780;23400;;; 2688 ;Asisfarma SA;01/10/2019;31/10/2020;CONSORCIO;
001-110-020;CANDEPREX 32 MG X 30 TAB;Candesartán Cilexetilo 32 mg;30;1650;49500;;; 1010 ;Audifarma SA;01/10/2019;31/10/2020;CONSORCIO;
001-110-020;CANDEPREX 32 MG X 30 TAB;Candesartán Cilexetilo 32 mg;30;1650;49500;;; 1026 ;Caja De Comp Fam Compensar;01/10/2019;31/10/2020;CONSORCIO;
001-110-020;CANDEPREX 32 MG X 30 TAB;Candesartán Cilexetilo 32 mg;30;1650;49500;;; 2688 ;Asisfarma SA;01/10/2019;31/10/2020;CONSORCIO;
001-110-021;CANDEPREX 8 MG X 30 TAB;Candesartán Cilexetilo 8 mg;30;400;12000;;; 1010 ;Audifarma SA;01/10/2019;31/10/2020;CONSORCIO;
001-110-021;CANDEPREX 8 MG X 30 TAB;Candesartán Cilexetilo 8 mg;30;400;12000;;; 1026 ;Caja De Comp Fam Compensar;01/10/2019;31/10/2020;CONSORCIO;
001-110-021;CANDEPREX 8 MG X 30 TAB;Candesartán Cilexetilo 8 mg;30;400;12000;;; 2688 ;Asisfarma SA;01/10/2019;31/10/2020;CONSORCIO;
001-110-022;CANDEPREX A 16/5  MG X 30 TAB;Candesartán Cilexetil 16 mg + Amlodipino 5 mg;30;1530;45900;;; 1010 ;Audifarma SA;01/10/2019;31/10/2020;CONSORCIO;
001-110-022;CANDEPREX A 16/5  MG X 30 TAB;Candesartán Cilexetil 16 mg + Amlodipino 5 mg;30;1530;45900;;; 1026 ;Caja De Comp Fam Compensar;01/10/2019;31/10/2020;CONSORCIO;
001-110-022;CANDEPREX A 16/5  MG X 30 TAB;Candesartán Cilexetil 16 mg + Amlodipino 5 mg;30;1530;45900;;; 2688 ;Asisfarma SA;01/10/2019;31/10/2020;CONSORCIO;
001-110-023;CANDEPREX A 32/5  MG X 30 TAB;Candesartán Cilexetil 32 mg + Amlodipino 5 mg;30;3061;91830;;; 1010 ;Audifarma SA;01/10/2019;31/10/2020;CONSORCIO;
001-110-023;CANDEPREX A 32/5  MG X 30 TAB;Candesartán Cilexetil 32 mg + Amlodipino 5 mg;30;3061;91830;;; 1026 ;Caja De Comp Fam Compensar;01/10/2019;31/10/2020;CONSORCIO;
001-110-023;CANDEPREX A 32/5  MG X 30 TAB;Candesartán Cilexetil 32 mg + Amlodipino 5 mg;30;3061;91830;;; 2688 ;Asisfarma SA;01/10/2019;31/10/2020;CONSORCIO;
001-110-024;CANDEPREX H 16/125 MG X 30 TABLETAS;Candesartan cilexetil 16 mg + Hidroclorotiazida 125 mg/HCT;30;1300;39000;;; 1010 ;Audifarma SA;01/10/2019;31/10/2020;CONSORCIO;
001-110-024;CANDEPREX H 16/125 MG X 30 TABLETAS;Candesartan cilexetil 16 mg + Hidroclorotiazida 125 mg/HCT;30;1300;39000;;; 1026 ;Caja De Comp Fam Compensar;01/10/2019;31/10/2020;CONSORCIO;
001-110-024;CANDEPREX H 16/125 MG X 30 TABLETAS;Candesartan cilexetil 16 mg + Hidroclorotiazida 125 mg/HCT;30;1300;39000;;; 2688 ;Asisfarma SA;01/10/2019;31/10/2020;CONSORCIO;
001-006-401;CEUMID 1000 MG X 30;Levetiracetam 1000 mg;30;550;16500;;; 1010 ;Audifarma SA;01/10/2019;31/10/2020;CONSORCIO;
001-006-401;CEUMID 1000 MG X 30;Levetiracetam 1000 mg;30;550;16500;;; 1026 ;Caja De Comp Fam Compensar;01/10/2019;31/10/2020;CONSORCIO;
001-006-401;CEUMID 1000 MG X 30;Levetiracetam 1000 mg;30;550;16500;;; 2688 ;Asisfarma SA;01/10/2019;31/10/2020;CONSORCIO;
001-006-411;CEUMID 500 MG X 30;Levetiracetam 500 mg;30;255;7650;;; 1010 ;Audifarma SA;01/10/2019;31/10/2020;CONSORCIO;
001-006-411;CEUMID 500 MG X 30;Levetiracetam 500 mg;30;255;7650;;; 1026 ;Caja De Comp Fam Compensar;01/10/2019;31/10/2020;CONSORCIO;
001-006-411;CEUMID 500 MG X 30;Levetiracetam 500 mg;30;255;7650;;; 2688 ;Asisfarma SA;01/10/2019;31/10/2020;CONSORCIO;
001-006-550;CICLORELAX 10 MG X 20 TABS;Ciclobenzaprina 10 mg;20;1250;25000;;; 1010 ;Audifarma SA;01/10/2019;31/10/2020;CONSORCIO;
001-006-550;CICLORELAX 10 MG X 20 TABS;Ciclobenzaprina 10 mg;20;1250;25000;;; 1026 ;Caja De Comp Fam Compensar;01/10/2019;31/10/2020;CONSORCIO;
001-006-550;CICLORELAX 10 MG X 20 TABS;Ciclobenzaprina 10 mg;20;1250;25000;;; 2688 ;Asisfarma SA;01/10/2019;31/10/2020;CONSORCIO;
001-110-035;COLESTIR 10/20 MG X 30 TABLETAS;Ezetimiba 10 mg + Atorvastatina 20 mg ;30;750;22500;;; 1010 ;Audifarma SA;01/10/2019;31/10/2020;CONSORCIO;
001-110-035;COLESTIR 10/20 MG X 30 TABLETAS;Ezetimiba 10 mg + Atorvastatina 20 mg ;30;750;22500;;; 1026 ;Caja De Comp Fam Compensar;01/10/2019;31/10/2020;CONSORCIO;
001-110-035;COLESTIR 10/20 MG X 30 TABLETAS;Ezetimiba 10 mg + Atorvastatina 20 mg ;30;750;22500;;; 2688 ;Asisfarma SA;01/10/2019;31/10/2020;CONSORCIO;
001-110-037;COLESTIR 10/40 MG X 30 TABLETAS;Ezetimiba 10 mg + Atorvastatina 40 mg ;30;1050;31500;;; 1010 ;Audifarma SA;01/10/2019;31/10/2020;CONSORCIO;
001-110-037;COLESTIR 10/40 MG X 30 TABLETAS;Ezetimiba 10 mg + Atorvastatina 40 mg ;30;1050;31500;;; 1026 ;Caja De Comp Fam Compensar;01/10/2019;31/10/2020;CONSORCIO;
001-110-037;COLESTIR 10/40 MG X 30 TABLETAS;Ezetimiba 10 mg + Atorvastatina 40 mg ;30;1050;31500;;; 2688 ;Asisfarma SA;01/10/2019;31/10/2020;CONSORCIO;
001-500-128;DERMACORTINE EMULSION X 60 ML;Mometasona Furoato 01%;1;76000;76000;;; 1010 ;Audifarma SA;01/10/2019;31/10/2020;CONSORCIO;
001-500-128;DERMACORTINE EMULSION X 60 ML;Mometasona Furoato 01%;1;76000;76000;;; 1026 ;Caja De Comp Fam Compensar;01/10/2019;31/10/2020;CONSORCIO;
001-500-128;DERMACORTINE EMULSION X 60 ML;Mometasona Furoato 01%;1;76000;76000;;; 2688 ;Asisfarma SA;01/10/2019;31/10/2020;CONSORCIO;
001-500-124;DERMACORTINE ESPUMA X 50 G;Mometasona Furoato 01%;1;55000;55000;;; 1010 ;Audifarma SA;01/10/2019;31/10/2020;CONSORCIO;
001-500-124;DERMACORTINE ESPUMA X 50 G;Mometasona Furoato 01%;1;55000;55000;;; 1026 ;Caja De Comp Fam Compensar;01/10/2019;31/10/2020;CONSORCIO;
001-500-124;DERMACORTINE ESPUMA X 50 G;Mometasona Furoato 01%;1;55000;55000;;; 2688 ;Asisfarma SA;01/10/2019;31/10/2020;CONSORCIO;
001-500-126;DERMACORTINE LOCION X 30 ML;Mometasona Furoato 01%;1;56700;56700;;; 1010 ;Audifarma SA;01/10/2019;31/10/2020;CONSORCIO;
001-500-126;DERMACORTINE LOCION X 30 ML;Mometasona Furoato 01%;1;56700;56700;;; 1026 ;Caja De Comp Fam Compensar;01/10/2019;31/10/2020;CONSORCIO;
001-500-126;DERMACORTINE LOCION X 30 ML;Mometasona Furoato 01%;1;56700;56700;;; 2688 ;Asisfarma SA;01/10/2019;31/10/2020;CONSORCIO;
001-500-133;DERMOSUPRIL 005% CREMA X 15 G;Desonida 005%;1;10000;10000;;; 1010 ;Audifarma SA;01/10/2019;31/10/2020;CONSORCIO;
001-500-133;DERMOSUPRIL 005% CREMA X 15 G;Desonida 005%;1;10000;10000;;; 1026 ;Caja De Comp Fam Compensar;01/10/2019;31/10/2020;CONSORCIO;
001-500-133;DERMOSUPRIL 005% CREMA X 15 G;Desonida 005%;1;10000;10000;;; 2688 ;Asisfarma SA;01/10/2019;31/10/2020;CONSORCIO;
001-500-143;DERMOSUPRIL 01% CREMA X 15 G;Desonida 01%;1;10000;10000;;; 1010 ;Audifarma SA;01/10/2019;31/10/2020;CONSORCIO;
001-500-143;DERMOSUPRIL 01% CREMA X 15 G;Desonida 01%;1;10000;10000;;; 1026 ;Caja De Comp Fam Compensar;01/10/2019;31/10/2020;CONSORCIO;
001-500-143;DERMOSUPRIL 01% CREMA X 15 G;Desonida 01%;1;10000;10000;;; 2688 ;Asisfarma SA;01/10/2019;31/10/2020;CONSORCIO;
001-500-163;DERMOSUPRIL EMULSION X 120 ML;Desonida 005%;1;19000;19000;;; 1010 ;Audifarma SA;01/10/2019;31/10/2020;CONSORCIO;
001-500-163;DERMOSUPRIL EMULSION X 120 ML;Desonida 005%;1;19000;19000;;; 1026 ;Caja De Comp Fam Compensar;01/10/2019;31/10/2020;CONSORCIO;
001-500-163;DERMOSUPRIL EMULSION X 120 ML;Desonida 005%;1;19000;19000;;; 2688 ;Asisfarma SA;01/10/2019;31/10/2020;CONSORCIO;
001-500-129;DERMOSUPRIL ESPUMA X 50 G;Desonida Micronizada 005%;1;35000;35000;;; 1010 ;Audifarma SA;01/10/2019;31/10/2020;CONSORCIO;
001-500-129;DERMOSUPRIL ESPUMA X 50 G;Desonida Micronizada 005%;1;35000;35000;;; 1026 ;Caja De Comp Fam Compensar;01/10/2019;31/10/2020;CONSORCIO;
001-500-129;DERMOSUPRIL ESPUMA X 50 G;Desonida Micronizada 005%;1;35000;35000;;; 2688 ;Asisfarma SA;01/10/2019;31/10/2020;CONSORCIO;
001-004-151;DESONIDA CLIOQUINOL CREMA X 15 G;Desonida 01 g + Clioquinol 3 g;1;16800;16800;;; 1010 ;Audifarma SA;01/10/2019;31/10/2020;CONSORCIO;
001-004-151;DESONIDA CLIOQUINOL CREMA X 15 G;Desonida 01 g + Clioquinol 3 g;1;16800;16800;;; 1026 ;Caja De Comp Fam Compensar;01/10/2019;31/10/2020;CONSORCIO;
001-004-151;DESONIDA CLIOQUINOL CREMA X 15 G;Desonida 01 g + Clioquinol 3 g;1;16800;16800;;; 2688 ;Asisfarma SA;01/10/2019;31/10/2020;CONSORCIO;
001-004-171;DESONIDA LOCION X 30 ML;Desonida 01%;1;17500;17500;;; 1010 ;Audifarma SA;01/10/2019;31/10/2020;CONSORCIO;
001-004-171;DESONIDA LOCION X 30 ML;Desonida 01%;1;17500;17500;;; 1026 ;Caja De Comp Fam Compensar;01/10/2019;31/10/2020;CONSORCIO;
001-004-171;DESONIDA LOCION X 30 ML;Desonida 01%;1;17500;17500;;; 2688 ;Asisfarma SA;01/10/2019;31/10/2020;CONSORCIO;
001-006-078;DEXLANZOPRAL 30 MG X 30 Caps;Dexlansoprazol 30 mg;30;3900;117000;;; 1010 ;Audifarma SA;01/10/2019;31/10/2020;CONSORCIO;
001-006-078;DEXLANZOPRAL 30 MG X 30 Caps;Dexlansoprazol 30 mg;30;3900;117000;;; 1026 ;Caja De Comp Fam Compensar;01/10/2019;31/10/2020;CONSORCIO;
001-006-078;DEXLANZOPRAL 30 MG X 30 Caps;Dexlansoprazol 30 mg;30;3900;117000;;; 2688 ;Asisfarma SA;01/10/2019;31/10/2020;CONSORCIO;
001-006-079;DEXLANZOPRAL 60 MG X 30 Caps;Dexlansoprazol 60 mg;30;5100;153000;;; 1010 ;Audifarma SA;01/10/2019;31/10/2020;CONSORCIO;
001-006-079;DEXLANZOPRAL 60 MG X 30 Caps;Dexlansoprazol 60 mg;30;5100;153000;;; 1026 ;Caja De Comp Fam Compensar;01/10/2019;31/10/2020;CONSORCIO;
001-006-079;DEXLANZOPRAL 60 MG X 30 Caps;Dexlansoprazol 60 mg;30;5100;153000;;; 2688 ;Asisfarma SA;01/10/2019;31/10/2020;CONSORCIO;
001-110-040;DIUREX 25 MG CAJA X  10 TAB;Indapamida 25 mg;10;600;6000;;; 1010 ;Audifarma SA;01/10/2019;31/10/2020;CONSORCIO;
001-110-040;DIUREX 25 MG CAJA X  10 TAB;Indapamida 25 mg;10;600;6000;;; 1026 ;Caja De Comp Fam Compensar;01/10/2019;31/10/2020;CONSORCIO;
001-110-040;DIUREX 25 MG CAJA X  10 TAB;Indapamida 25 mg;10;600;6000;;; 2688 ;Asisfarma SA;01/10/2019;31/10/2020;CONSORCIO;
001-006-060;DORIXINA RELAX X 100 COMP;Clonixinato de Lisina 125 mg Ciclobenzaprina Clorhidrato 5 mg;100;1300;130000;;; 1010 ;Audifarma SA;01/10/2019;31/10/2020;CONSORCIO;
001-006-060;DORIXINA RELAX X 100 COMP;Clonixinato de Lisina 125 mg Ciclobenzaprina Clorhidrato 5 mg;100;1300;130000;;; 1026 ;Caja De Comp Fam Compensar;01/10/2019;31/10/2020;CONSORCIO;
001-006-060;DORIXINA RELAX X 100 COMP;Clonixinato de Lisina 125 mg Ciclobenzaprina Clorhidrato 5 mg;100;1300;130000;;; 2688 ;Asisfarma SA;01/10/2019;31/10/2020;CONSORCIO;
001-110-042;DUOLIP 20/10 MG  X 30 TABLETAS;Simvastatina 20 mg + Ezetimiba 10 mg;30;800;24000;;; 1010 ;Audifarma SA;01/10/2019;31/10/2020;CONSORCIO;
001-110-042;DUOLIP 20/10 MG  X 30 TABLETAS;Simvastatina 20 mg + Ezetimiba 10 mg;30;800;24000;;; 1026 ;Caja De Comp Fam Compensar;01/10/2019;31/10/2020;CONSORCIO;
001-110-042;DUOLIP 20/10 MG  X 30 TABLETAS;Simvastatina 20 mg + Ezetimiba 10 mg;30;800;24000;;; 2688 ;Asisfarma SA;01/10/2019;31/10/2020;CONSORCIO;
001-110-044;DUOVAL 10/160 MG  X 30 TABLETAS;Amlodipino 10 mg + Valsartan 160 mg;30;833;24990;;; 1010 ;Audifarma SA;01/10/2019;31/10/2020;CONSORCIO;
001-110-044;DUOVAL 10/160 MG  X 30 TABLETAS;Amlodipino 10 mg + Valsartan 160 mg;30;833;24990;;; 1026 ;Caja De Comp Fam Compensar;01/10/2019;31/10/2020;CONSORCIO;
001-110-044;DUOVAL 10/160 MG  X 30 TABLETAS;Amlodipino 10 mg + Valsartan 160 mg;30;833;24990;;; 2688 ;Asisfarma SA;01/10/2019;31/10/2020;CONSORCIO;
001-110-046;DUOVAL 5/80 MG  X 30 TABLETAS;Amlodipino 5 mg + Valsartan 80 mg;30;665;19950;;; 1010 ;Audifarma SA;01/10/2019;31/10/2020;CONSORCIO;
001-110-046;DUOVAL 5/80 MG  X 30 TABLETAS;Amlodipino 5 mg + Valsartan 80 mg;30;665;19950;;; 1026 ;Caja De Comp Fam Compensar;01/10/2019;31/10/2020;CONSORCIO;
001-110-046;DUOVAL 5/80 MG  X 30 TABLETAS;Amlodipino 5 mg + Valsartan 80 mg;30;665;19950;;; 2688 ;Asisfarma SA;01/10/2019;31/10/2020;CONSORCIO;
001-500-615;EDAPIL M ESPUMA X 100 G;Minoxidil 5%;1;60000;60000;;; 1010 ;Audifarma SA;01/10/2019;31/10/2020;CONSORCIO;
001-500-615;EDAPIL M ESPUMA X 100 G;Minoxidil 5%;1;60000;60000;;; 1026 ;Caja De Comp Fam Compensar;01/10/2019;31/10/2020;CONSORCIO;
001-500-615;EDAPIL M ESPUMA X 100 G;Minoxidil 5%;1;60000;60000;;; 2688 ;Asisfarma SA;01/10/2019;31/10/2020;CONSORCIO;
001-006-054;ENDIAL 1 MG X 20 COMP;Cinitaprida 1 mg;20;2660;53200;;; 1010 ;Audifarma SA;01/10/2019;31/10/2020;CONSORCIO;
001-006-054;ENDIAL 1 MG X 20 COMP;Cinitaprida 1 mg;20;2660;53200;;; 1026 ;Caja De Comp Fam Compensar;01/10/2019;31/10/2020;CONSORCIO;
001-006-054;ENDIAL 1 MG X 20 COMP;Cinitaprida 1 mg;20;2660;53200;;; 2688 ;Asisfarma SA;01/10/2019;31/10/2020;CONSORCIO;
001-013-004;ERITROPOYETINA 2000 UI JERIN PRELL  CAJA X 100;Eritropoyetina alfa humana recombinante 2000 UI;100;3800;380000;;; 1010 ;Audifarma SA;01/10/2019;31/10/2020;CONSORCIO;
001-013-004;ERITROPOYETINA 2000 UI JERIN PRELL  CAJA X 100;Eritropoyetina alfa humana recombinante 2000 UI;100;3800;380000;;; 1026 ;Caja De Comp Fam Compensar;01/10/2019;31/10/2020;CONSORCIO;
001-013-004;ERITROPOYETINA 2000 UI JERIN PRELL  CAJA X 100;Eritropoyetina alfa humana recombinante 2000 UI;100;3800;380000;;; 2688 ;Asisfarma SA;01/10/2019;31/10/2020;CONSORCIO;
001-110-049;ESOMAX 10 MG CAJA X 28 CAP;Esomeprazol 10 mg;28;900;25200;;; 1010 ;Audifarma SA;01/10/2019;31/10/2020;CONSORCIO;
001-110-049;ESOMAX 10 MG CAJA X 28 CAP;Esomeprazol 10 mg;28;900;25200;;; 1026 ;Caja De Comp Fam Compensar;01/10/2019;31/10/2020;CONSORCIO;
001-110-049;ESOMAX 10 MG CAJA X 28 CAP;Esomeprazol 10 mg;28;900;25200;;; 2688 ;Asisfarma SA;01/10/2019;31/10/2020;CONSORCIO;
001-110-055;FENTRADOL 120 MG X 10 TABLETAS;Fexofenadina 120 mg;10;830;8300;;; 1010 ;Audifarma SA;01/10/2019;31/10/2020;CONSORCIO;
001-110-055;FENTRADOL 120 MG X 10 TABLETAS;Fexofenadina 120 mg;10;830;8300;;; 1026 ;Caja De Comp Fam Compensar;01/10/2019;31/10/2020;CONSORCIO;
001-110-055;FENTRADOL 120 MG X 10 TABLETAS;Fexofenadina 120 mg;10;830;8300;;; 2688 ;Asisfarma SA;01/10/2019;31/10/2020;CONSORCIO;
001-110-057;FENTRADOL 180 MG X 10 TABLETAS;Fexofenadina 180 mg;10;840;8400;;; 1010 ;Audifarma SA;01/10/2019;31/10/2020;CONSORCIO;
001-110-057;FENTRADOL 180 MG X 10 TABLETAS;Fexofenadina 180 mg;10;840;8400;;; 1026 ;Caja De Comp Fam Compensar;01/10/2019;31/10/2020;CONSORCIO;
001-110-057;FENTRADOL 180 MG X 10 TABLETAS;Fexofenadina 180 mg;10;840;8400;;; 2688 ;Asisfarma SA;01/10/2019;31/10/2020;CONSORCIO;
001-013-010;FILGRASTIM 300 MG FCO AMP;Filgastrim 300 mcg;1;20000;20000;;; 1010 ;Audifarma SA;01/10/2019;31/10/2020;CONSORCIO;
001-013-010;FILGRASTIM 300 MG FCO AMP;Filgastrim 300 mcg;1;20000;20000;;; 1026 ;Caja De Comp Fam Compensar;01/10/2019;31/10/2020;CONSORCIO;
001-013-010;FILGRASTIM 300 MG FCO AMP;Filgastrim 300 mcg;1;20000;20000;;; 2688 ;Asisfarma SA;01/10/2019;31/10/2020;CONSORCIO;
001-008-007;FOTORRETIN FCO 5 ML;Fenilefrina 50% + Tropicamida 05%;1;9500;9500;;; 1010 ;Audifarma SA;01/10/2019;31/10/2020;CONSORCIO;
001-008-007;FOTORRETIN FCO 5 ML;Fenilefrina 50% + Tropicamida 05%;1;9500;9500;;; 1026 ;Caja De Comp Fam Compensar;01/10/2019;31/10/2020;CONSORCIO;
001-008-007;FOTORRETIN FCO 5 ML;Fenilefrina 50% + Tropicamida 05%;1;9500;9500;;; 2688 ;Asisfarma SA;01/10/2019;31/10/2020;CONSORCIO;
001-110-063;GASPRID M 5 MG X 30 TABLETAS;Mosaprida 5 mg ;30;350;10500;;; 1010 ;Audifarma SA;01/10/2019;31/10/2020;CONSORCIO;
001-110-063;GASPRID M 5 MG X 30 TABLETAS;Mosaprida 5 mg ;30;350;10500;;; 1026 ;Caja De Comp Fam Compensar;01/10/2019;31/10/2020;CONSORCIO;
001-110-063;GASPRID M 5 MG X 30 TABLETAS;Mosaprida 5 mg ;30;350;10500;;; 2688 ;Asisfarma SA;01/10/2019;31/10/2020;CONSORCIO;
001-110-064;GASPRID S 5 MG X 30 TABLETAS;#N/A;#N/A;2450;#N/A;;; 1010 ;Audifarma SA;01/10/2019;31/10/2020;CONSORCIO;
001-110-064;GASPRID S 5 MG X 30 TABLETAS;#N/A;#N/A;2450;#N/A;;; 1026 ;Caja De Comp Fam Compensar;01/10/2019;31/10/2020;CONSORCIO;
001-110-064;GASPRID S 5 MG X 30 TABLETAS;#N/A;#N/A;2450;#N/A;;; 2688 ;Asisfarma SA;01/10/2019;31/10/2020;CONSORCIO;
001-013-006;GATIDEX SUSP OFTALMICA X 5 ML;Gatifloxacina 03% Dexametasona 01%;1;54000;54000;;; 1010 ;Audifarma SA;01/10/2019;31/10/2020;CONSORCIO;
001-013-006;GATIDEX SUSP OFTALMICA X 5 ML;Gatifloxacina 03% Dexametasona 01%;1;54000;54000;;; 1026 ;Caja De Comp Fam Compensar;01/10/2019;31/10/2020;CONSORCIO;
001-013-006;GATIDEX SUSP OFTALMICA X 5 ML;Gatifloxacina 03% Dexametasona 01%;1;54000;54000;;; 2688 ;Asisfarma SA;01/10/2019;31/10/2020;CONSORCIO;
001-004-221;GLAUCOMED X10 TABLETAS;Acetazolamida 250 mg;10;250;2500;;; 1010 ;Audifarma SA;01/10/2019;31/10/2020;CONSORCIO;
001-004-221;GLAUCOMED X10 TABLETAS;Acetazolamida 250 mg;10;250;2500;;; 1026 ;Caja De Comp Fam Compensar;01/10/2019;31/10/2020;CONSORCIO;
001-004-221;GLAUCOMED X10 TABLETAS;Acetazolamida 250 mg;10;250;2500;;; 2688 ;Asisfarma SA;01/10/2019;31/10/2020;CONSORCIO;
001-008-019;GLAUCOPROST 3 ML;Travoprost 0004%;1;34500;34500;;; 1010 ;Audifarma SA;01/10/2019;31/10/2020;CONSORCIO;
001-008-019;GLAUCOPROST 3 ML;Travoprost 0004%;1;34500;34500;;; 1026 ;Caja De Comp Fam Compensar;01/10/2019;31/10/2020;CONSORCIO;
001-008-019;GLAUCOPROST 3 ML;Travoprost 0004%;1;34500;34500;;; 2688 ;Asisfarma SA;01/10/2019;31/10/2020;CONSORCIO;
001-500-032;GLICOLIC H LOCION X 60 ML;Acido Glicólico 10% + Hidroquinona 2%;1;61000;61000;;; 1010 ;Audifarma SA;01/10/2019;31/10/2020;CONSORCIO;
001-500-032;GLICOLIC H LOCION X 60 ML;Acido Glicólico 10% + Hidroquinona 2%;1;61000;61000;;; 1026 ;Caja De Comp Fam Compensar;01/10/2019;31/10/2020;CONSORCIO;
001-500-032;GLICOLIC H LOCION X 60 ML;Acido Glicólico 10% + Hidroquinona 2%;1;61000;61000;;; 2688 ;Asisfarma SA;01/10/2019;31/10/2020;CONSORCIO;
001-008-017;GOTABIOTIC D FCO 5 ML;Tobramicina 03% Dexametasona21-Sodio Fosfato 0005% NafazolinaHCL 002%;1;29000;29000;;; 1010 ;Audifarma SA;01/10/2019;31/10/2020;CONSORCIO;
001-008-017;GOTABIOTIC D FCO 5 ML;Tobramicina 03% Dexametasona21-Sodio Fosfato 0005% NafazolinaHCL 002%;1;29000;29000;;; 1026 ;Caja De Comp Fam Compensar;01/10/2019;31/10/2020;CONSORCIO;
001-008-017;GOTABIOTIC D FCO 5 ML;Tobramicina 03% Dexametasona21-Sodio Fosfato 0005% NafazolinaHCL 002%;1;29000;29000;;; 2688 ;Asisfarma SA;01/10/2019;31/10/2020;CONSORCIO;
001-500-121;HIDRIBET 10% X 125 ML;Urea 10%;1;17000;17000;;; 1010 ;Audifarma SA;01/10/2019;31/10/2020;CONSORCIO;
001-500-121;HIDRIBET 10% X 125 ML;Urea 10%;1;17000;17000;;; 1026 ;Caja De Comp Fam Compensar;01/10/2019;31/10/2020;CONSORCIO;
001-500-121;HIDRIBET 10% X 125 ML;Urea 10%;1;17000;17000;;; 2688 ;Asisfarma SA;01/10/2019;31/10/2020;CONSORCIO;
001-006-421;ILIMIT 15 MG X 30;Aripiprazol 15 mg;30;340;10200;;; 1010 ;Audifarma SA;01/10/2019;31/10/2020;CONSORCIO;
001-006-421;ILIMIT 15 MG X 30;Aripiprazol 15 mg;30;340;10200;;; 1026 ;Caja De Comp Fam Compensar;01/10/2019;31/10/2020;CONSORCIO;
001-006-421;ILIMIT 15 MG X 30;Aripiprazol 15 mg;30;340;10200;;; 2688 ;Asisfarma SA;01/10/2019;31/10/2020;CONSORCIO;
001-110-072;IRBEPREX 150 MG CAJA X 30 TAB;Irbesartan 150 mg;30;270;8100;;; 1010 ;Audifarma SA;01/10/2019;31/10/2020;CONSORCIO;
001-110-072;IRBEPREX 150 MG CAJA X 30 TAB;Irbesartan 150 mg;30;270;8100;;; 1026 ;Caja De Comp Fam Compensar;01/10/2019;31/10/2020;CONSORCIO;
001-110-072;IRBEPREX 150 MG CAJA X 30 TAB;Irbesartan 150 mg;30;270;8100;;; 2688 ;Asisfarma SA;01/10/2019;31/10/2020;CONSORCIO;
001-110-073;IRBEPREX 300 MG CAJA X 30 TAB;Irbesartan 300 mg;30;280;8400;;; 1010 ;Audifarma SA;01/10/2019;31/10/2020;CONSORCIO;
001-110-073;IRBEPREX 300 MG CAJA X 30 TAB;Irbesartan 300 mg;30;280;8400;;; 1026 ;Caja De Comp Fam Compensar;01/10/2019;31/10/2020;CONSORCIO;
001-110-073;IRBEPREX 300 MG CAJA X 30 TAB;Irbesartan 300 mg;30;280;8400;;; 2688 ;Asisfarma SA;01/10/2019;31/10/2020;CONSORCIO;
001-110-074;IRBEPREX A 150/5 MG CAJA X 30 TAB;Irbesartan 150 mg + Amlodipino 5 mg;30;3850;115500;;; 1010 ;Audifarma SA;01/10/2019;31/10/2020;CONSORCIO;
001-110-074;IRBEPREX A 150/5 MG CAJA X 30 TAB;Irbesartan 150 mg + Amlodipino 5 mg;30;3850;115500;;; 1026 ;Caja De Comp Fam Compensar;01/10/2019;31/10/2020;CONSORCIO;
001-110-074;IRBEPREX A 150/5 MG CAJA X 30 TAB;Irbesartan 150 mg + Amlodipino 5 mg;30;3850;115500;;; 2688 ;Asisfarma SA;01/10/2019;31/10/2020;CONSORCIO;
001-110-075;IRBEPREX A 300/10 MG CAJA X 30 TAB;Irbesartan 300 mg + Amlodipino 10 mg;30;4000;120000;;; 1010 ;Audifarma SA;01/10/2019;31/10/2020;CONSORCIO;
001-110-075;IRBEPREX A 300/10 MG CAJA X 30 TAB;Irbesartan 300 mg + Amlodipino 10 mg;30;4000;120000;;; 1026 ;Caja De Comp Fam Compensar;01/10/2019;31/10/2020;CONSORCIO;
001-110-075;IRBEPREX A 300/10 MG CAJA X 30 TAB;Irbesartan 300 mg + Amlodipino 10 mg;30;4000;120000;;; 2688 ;Asisfarma SA;01/10/2019;31/10/2020;CONSORCIO;
001-110-076;IRBEPREX A 300/5 MG CAJA X 30 TAB;Irbesartan 300 mg + Amlodipino 5 mg;30;3750;112500;;; 1010 ;Audifarma SA;01/10/2019;31/10/2020;CONSORCIO;
001-110-076;IRBEPREX A 300/5 MG CAJA X 30 TAB;Irbesartan 300 mg + Amlodipino 5 mg;30;3750;112500;;; 1026 ;Caja De Comp Fam Compensar;01/10/2019;31/10/2020;CONSORCIO;
001-110-076;IRBEPREX A 300/5 MG CAJA X 30 TAB;Irbesartan 300 mg + Amlodipino 5 mg;30;3750;112500;;; 2688 ;Asisfarma SA;01/10/2019;31/10/2020;CONSORCIO;
001-110-077;IRBEPREX H 150/125 MG CAJA X 30 TAB;Irbesartan 150 mg + Hidroclorotiazida 125 mg;30;320;9600;;; 1010 ;Audifarma SA;01/10/2019;31/10/2020;CONSORCIO;
001-110-077;IRBEPREX H 150/125 MG CAJA X 30 TAB;Irbesartan 150 mg + Hidroclorotiazida 125 mg;30;320;9600;;; 1026 ;Caja De Comp Fam Compensar;01/10/2019;31/10/2020;CONSORCIO;
001-110-077;IRBEPREX H 150/125 MG CAJA X 30 TAB;Irbesartan 150 mg + Hidroclorotiazida 125 mg;30;320;9600;;; 2688 ;Asisfarma SA;01/10/2019;31/10/2020;CONSORCIO;
001-110-078;IRBEPREX H 300/125 MG CAJA X 30 TAB;Irbesartan 300 mg + Hidroclorotiazida 125 mg;30;410;12300;;; 1010 ;Audifarma SA;01/10/2019;31/10/2020;CONSORCIO;
001-110-078;IRBEPREX H 300/125 MG CAJA X 30 TAB;Irbesartan 300 mg + Hidroclorotiazida 125 mg;30;410;12300;;; 1026 ;Caja De Comp Fam Compensar;01/10/2019;31/10/2020;CONSORCIO;
001-110-078;IRBEPREX H 300/125 MG CAJA X 30 TAB;Irbesartan 300 mg + Hidroclorotiazida 125 mg;30;410;12300;;; 2688 ;Asisfarma SA;01/10/2019;31/10/2020;CONSORCIO;
001-500-251;KETOMED CHAMPU X 100 ML;Ketoconazol 2%;1;35700;35700;;; 1010 ;Audifarma SA;01/10/2019;31/10/2020;CONSORCIO;
001-500-251;KETOMED CHAMPU X 100 ML;Ketoconazol 2%;1;35700;35700;;; 1026 ;Caja De Comp Fam Compensar;01/10/2019;31/10/2020;CONSORCIO;
001-500-251;KETOMED CHAMPU X 100 ML;Ketoconazol 2%;1;35700;35700;;; 2688 ;Asisfarma SA;01/10/2019;31/10/2020;CONSORCIO;
001-001-152;KINOR NF X 10 ML;Acido Salicílico 20% + Acido Láctico 5%;1;28000;28000;;; 1010 ;Audifarma SA;01/10/2019;31/10/2020;CONSORCIO;
001-001-152;KINOR NF X 10 ML;Acido Salicílico 20% + Acido Láctico 5%;1;28000;28000;;; 1026 ;Caja De Comp Fam Compensar;01/10/2019;31/10/2020;CONSORCIO;
001-001-152;KINOR NF X 10 ML;Acido Salicílico 20% + Acido Láctico 5%;1;28000;28000;;; 2688 ;Asisfarma SA;01/10/2019;31/10/2020;CONSORCIO;
001-110-079;KLAMICINA 500 MG CAJA X 10 TAB;Claritromicina 500 mg;10;400;4000;;; 1010 ;Audifarma SA;01/10/2019;31/10/2020;CONSORCIO;
001-110-079;KLAMICINA 500 MG CAJA X 10 TAB;Claritromicina 500 mg;10;400;4000;;; 1026 ;Caja De Comp Fam Compensar;01/10/2019;31/10/2020;CONSORCIO;
001-110-079;KLAMICINA 500 MG CAJA X 10 TAB;Claritromicina 500 mg;10;400;4000;;; 2688 ;Asisfarma SA;01/10/2019;31/10/2020;CONSORCIO;
001-500-273;LACTIBON FEM LOCION X 240 ML;Limpiador suave con Acido Láctico 11% D-Pantenol y Alantoina;1;23000;23000;;; 1010 ;Audifarma SA;01/10/2019;31/10/2020;CONSORCIO;
001-500-273;LACTIBON FEM LOCION X 240 ML;Limpiador suave con Acido Láctico 11% D-Pantenol y Alantoina;1;23000;23000;;; 1026 ;Caja De Comp Fam Compensar;01/10/2019;31/10/2020;CONSORCIO;
001-500-273;LACTIBON FEM LOCION X 240 ML;Limpiador suave con Acido Láctico 11% D-Pantenol y Alantoina;1;23000;23000;;; 2688 ;Asisfarma SA;01/10/2019;31/10/2020;CONSORCIO;
001-500-272;LACTIBON SYNDET BARRA X 120 G;Limpiador tipo Syndet + Acido Láctico;1;24500;24500;;; 1010 ;Audifarma SA;01/10/2019;31/10/2020;CONSORCIO;
001-500-272;LACTIBON SYNDET BARRA X 120 G;Limpiador tipo Syndet + Acido Láctico;1;24500;24500;;; 1026 ;Caja De Comp Fam Compensar;01/10/2019;31/10/2020;CONSORCIO;
001-500-272;LACTIBON SYNDET BARRA X 120 G;Limpiador tipo Syndet + Acido Láctico;1;24500;24500;;; 2688 ;Asisfarma SA;01/10/2019;31/10/2020;CONSORCIO;
001-006-033;LAXALAN JARABE FCO X 220 ML;Lactulosa 333 g/ 5 ml;1;31500;31500;;; 1010 ;Audifarma SA;01/10/2019;31/10/2020;CONSORCIO;
001-006-033;LAXALAN JARABE FCO X 220 ML;Lactulosa 333 g/ 5 ml;1;31500;31500;;; 1026 ;Caja De Comp Fam Compensar;01/10/2019;31/10/2020;CONSORCIO;
001-006-033;LAXALAN JARABE FCO X 220 ML;Lactulosa 333 g/ 5 ml;1;31500;31500;;; 2688 ;Asisfarma SA;01/10/2019;31/10/2020;CONSORCIO;
001-110-083;LEFLUX 8 MG CAJA X 30 TABLETAS;Betahistina Clorhidrato 8 mg;30;190;5700;;; 1010 ;Audifarma SA;01/10/2019;31/10/2020;CONSORCIO;
001-110-083;LEFLUX 8 MG CAJA X 30 TABLETAS;Betahistina Clorhidrato 8 mg;30;190;5700;;; 1026 ;Caja De Comp Fam Compensar;01/10/2019;31/10/2020;CONSORCIO;
001-110-083;LEFLUX 8 MG CAJA X 30 TABLETAS;Betahistina Clorhidrato 8 mg;30;190;5700;;; 2688 ;Asisfarma SA;01/10/2019;31/10/2020;CONSORCIO;
001-110-089;LEVOPRAZ 5 MG X 10 TABLETAS;Levocetirizina 5 mg;10;450;4500;;; 1010 ;Audifarma SA;01/10/2019;31/10/2020;CONSORCIO;
001-110-089;LEVOPRAZ 5 MG X 10 TABLETAS;Levocetirizina 5 mg;10;450;4500;;; 1026 ;Caja De Comp Fam Compensar;01/10/2019;31/10/2020;CONSORCIO;
001-110-089;LEVOPRAZ 5 MG X 10 TABLETAS;Levocetirizina 5 mg;10;450;4500;;; 2688 ;Asisfarma SA;01/10/2019;31/10/2020;CONSORCIO;
001-004-291;LEXINEX PLUS X 120 ML;Piritionato de Zinc + Activos naturales y biotecnológicos;1;38000;38000;;; 1010 ;Audifarma SA;01/10/2019;31/10/2020;CONSORCIO;
001-004-291;LEXINEX PLUS X 120 ML;Piritionato de Zinc + Activos naturales y biotecnológicos;1;38000;38000;;; 1026 ;Caja De Comp Fam Compensar;01/10/2019;31/10/2020;CONSORCIO;
001-004-291;LEXINEX PLUS X 120 ML;Piritionato de Zinc + Activos naturales y biotecnológicos;1;38000;38000;;; 2688 ;Asisfarma SA;01/10/2019;31/10/2020;CONSORCIO;
001-004-286;LEXINEX X 120 ML;Alquitrán de Hulla 4%;1;30000;30000;;; 1010 ;Audifarma SA;01/10/2019;31/10/2020;CONSORCIO;
001-004-286;LEXINEX X 120 ML;Alquitrán de Hulla 4%;1;30000;30000;;; 1026 ;Caja De Comp Fam Compensar;01/10/2019;31/10/2020;CONSORCIO;
001-004-286;LEXINEX X 120 ML;Alquitrán de Hulla 4%;1;30000;30000;;; 2688 ;Asisfarma SA;01/10/2019;31/10/2020;CONSORCIO;
001-004-209;LITASINA SOL INYECTABLE X 300 ML;Linezolid 2 mg;1;28000;28000;;; 1010 ;Audifarma SA;01/10/2019;31/10/2020;CONSORCIO;
001-004-209;LITASINA SOL INYECTABLE X 300 ML;Linezolid 2 mg;1;28000;28000;;; 1026 ;Caja De Comp Fam Compensar;01/10/2019;31/10/2020;CONSORCIO;
001-004-209;LITASINA SOL INYECTABLE X 300 ML;Linezolid 2 mg;1;28000;28000;;; 2688 ;Asisfarma SA;01/10/2019;31/10/2020;CONSORCIO;
001-006-066;LOPRAL 15 mg x 30 caps;Lansoprazol 15 mg;30;630;18900;;; 1010 ;Audifarma SA;01/10/2019;31/10/2020;CONSORCIO;
001-006-066;LOPRAL 15 mg x 30 caps;Lansoprazol 15 mg;30;630;18900;;; 1026 ;Caja De Comp Fam Compensar;01/10/2019;31/10/2020;CONSORCIO;
001-006-066;LOPRAL 15 mg x 30 caps;Lansoprazol 15 mg;30;630;18900;;; 2688 ;Asisfarma SA;01/10/2019;31/10/2020;CONSORCIO;
001-008-203;LOTEMICIN SUSPENSION  X 5 ML;Loteprednol Etabonato 05% + Tobramicina 03%;1;34000;34000;;; 1010 ;Audifarma SA;01/10/2019;31/10/2020;CONSORCIO;
001-008-203;LOTEMICIN SUSPENSION  X 5 ML;Loteprednol Etabonato 05% + Tobramicina 03%;1;34000;34000;;; 1026 ;Caja De Comp Fam Compensar;01/10/2019;31/10/2020;CONSORCIO;
001-008-203;LOTEMICIN SUSPENSION  X 5 ML;Loteprednol Etabonato 05% + Tobramicina 03%;1;34000;34000;;; 2688 ;Asisfarma SA;01/10/2019;31/10/2020;CONSORCIO;
001-008-014;LOTESOFT FCO 5 ML;Loteprednol Etabonato 05%;1;44000;44000;;; 1010 ;Audifarma SA;01/10/2019;31/10/2020;CONSORCIO;
001-008-014;LOTESOFT FCO 5 ML;Loteprednol Etabonato 05%;1;44000;44000;;; 1026 ;Caja De Comp Fam Compensar;01/10/2019;31/10/2020;CONSORCIO;
001-008-014;LOTESOFT FCO 5 ML;Loteprednol Etabonato 05%;1;44000;44000;;; 2688 ;Asisfarma SA;01/10/2019;31/10/2020;CONSORCIO;
001-008-011;LOUTEN FCO X 25 ML;Latanoprost 50 mcg/ml;1;7100;7100;;; 1010 ;Audifarma SA;01/10/2019;31/10/2020;CONSORCIO;
001-008-011;LOUTEN FCO X 25 ML;Latanoprost 50 mcg/ml;1;7100;7100;;; 1026 ;Caja De Comp Fam Compensar;01/10/2019;31/10/2020;CONSORCIO;
001-008-011;LOUTEN FCO X 25 ML;Latanoprost 50 mcg/ml;1;7100;7100;;; 2688 ;Asisfarma SA;01/10/2019;31/10/2020;CONSORCIO;
001-006-607;MATINAC 100 MG X 120 COMPRIMIDOS;Imatinib 100 mg;120;6500;780000;;; 1010 ;Audifarma SA;01/10/2019;31/10/2020;CONSORCIO;
001-006-607;MATINAC 100 MG X 120 COMPRIMIDOS;Imatinib 100 mg;120;6500;780000;;; 1026 ;Caja De Comp Fam Compensar;01/10/2019;31/10/2020;CONSORCIO;
001-006-607;MATINAC 100 MG X 120 COMPRIMIDOS;Imatinib 100 mg;120;6500;780000;;; 2688 ;Asisfarma SA;01/10/2019;31/10/2020;CONSORCIO;
001-006-608;MATINAC 400 MG X 30 COMPRIMIDOS;Imatinib 400 mg;30;9500;285000;;; 1010 ;Audifarma SA;01/10/2019;31/10/2020;CONSORCIO;
001-006-608;MATINAC 400 MG X 30 COMPRIMIDOS;Imatinib 400 mg;30;9500;285000;;; 1026 ;Caja De Comp Fam Compensar;01/10/2019;31/10/2020;CONSORCIO;
001-006-608;MATINAC 400 MG X 30 COMPRIMIDOS;Imatinib 400 mg;30;9500;285000;;; 2688 ;Asisfarma SA;01/10/2019;31/10/2020;CONSORCIO;
001-110-092;MELOPRAX 15/20 MG X 10 TAB;Meloxicam 15 mg + Esomeprazol 20 mg;10;2800;28000;;; 1010 ;Audifarma SA;01/10/2019;31/10/2020;CONSORCIO;
001-110-092;MELOPRAX 15/20 MG X 10 TAB;Meloxicam 15 mg + Esomeprazol 20 mg;10;2800;28000;;; 1026 ;Caja De Comp Fam Compensar;01/10/2019;31/10/2020;CONSORCIO;
001-110-092;MELOPRAX 15/20 MG X 10 TAB;Meloxicam 15 mg + Esomeprazol 20 mg;10;2800;28000;;; 2688 ;Asisfarma SA;01/10/2019;31/10/2020;CONSORCIO;
001-013-021;MICOFLAVIN 250 MG X 100 COMP;Micofenolato Mofetilo 250 mg;100;1520;152000;;; 1010 ;Audifarma SA;01/10/2019;31/10/2020;CONSORCIO;
001-013-021;MICOFLAVIN 250 MG X 100 COMP;Micofenolato Mofetilo 250 mg;100;1520;152000;;; 1026 ;Caja De Comp Fam Compensar;01/10/2019;31/10/2020;CONSORCIO;
001-013-021;MICOFLAVIN 250 MG X 100 COMP;Micofenolato Mofetilo 250 mg;100;1520;152000;;; 2688 ;Asisfarma SA;01/10/2019;31/10/2020;CONSORCIO;
001-013-020;MICOFLAVIN 500 MG X 50 COMP;Micofenolato Mofetilo 500 mg;50;1400;70000;;; 1010 ;Audifarma SA;01/10/2019;31/10/2020;CONSORCIO;
001-013-020;MICOFLAVIN 500 MG X 50 COMP;Micofenolato Mofetilo 500 mg;50;1400;70000;;; 1026 ;Caja De Comp Fam Compensar;01/10/2019;31/10/2020;CONSORCIO;
001-013-020;MICOFLAVIN 500 MG X 50 COMP;Micofenolato Mofetilo 500 mg;50;1400;70000;;; 2688 ;Asisfarma SA;01/10/2019;31/10/2020;CONSORCIO;
001-006-080;MIGRADORIXINA X 100 COMP;Clonixinato de Lisina 125 mg+Ergotamina 1 mg;100;1450;145000;;; 1010 ;Audifarma SA;01/10/2019;31/10/2020;CONSORCIO;
001-006-080;MIGRADORIXINA X 100 COMP;Clonixinato de Lisina 125 mg+Ergotamina 1 mg;100;1450;145000;;; 1026 ;Caja De Comp Fam Compensar;01/10/2019;31/10/2020;CONSORCIO;
001-006-080;MIGRADORIXINA X 100 COMP;Clonixinato de Lisina 125 mg+Ergotamina 1 mg;100;1450;145000;;; 2688 ;Asisfarma SA;01/10/2019;31/10/2020;CONSORCIO;
001-004-336;MINOT X 10;Minociclina 100 mg;10;2730;27300;;; 1010 ;Audifarma SA;01/10/2019;31/10/2020;CONSORCIO;
001-004-336;MINOT X 10;Minociclina 100 mg;10;2730;27300;;; 1026 ;Caja De Comp Fam Compensar;01/10/2019;31/10/2020;CONSORCIO;
001-004-336;MINOT X 10;Minociclina 100 mg;10;2730;27300;;; 2688 ;Asisfarma SA;01/10/2019;31/10/2020;CONSORCIO;
001-110-093;MIODAR 200 MG CAJA X 10 CAP;Celecoxib 200 mg;10;260;2600;;; 1010 ;Audifarma SA;01/10/2019;31/10/2020;CONSORCIO;
001-110-093;MIODAR 200 MG CAJA X 10 CAP;Celecoxib 200 mg;10;260;2600;;; 1026 ;Caja De Comp Fam Compensar;01/10/2019;31/10/2020;CONSORCIO;
001-110-093;MIODAR 200 MG CAJA X 10 CAP;Celecoxib 200 mg;10;260;2600;;; 2688 ;Asisfarma SA;01/10/2019;31/10/2020;CONSORCIO;
001-008-031;OFTAFLOX UNGUENTO X 5 G;Dexametasona 1mg+Polimixina-B 1mg+Neomicina 35mg;1;15700;15700;;; 1010 ;Audifarma SA;01/10/2019;31/10/2020;CONSORCIO;
001-008-031;OFTAFLOX UNGUENTO X 5 G;Dexametasona 1mg+Polimixina-B 1mg+Neomicina 35mg;1;15700;15700;;; 1026 ;Caja De Comp Fam Compensar;01/10/2019;31/10/2020;CONSORCIO;
001-008-031;OFTAFLOX UNGUENTO X 5 G;Dexametasona 1mg+Polimixina-B 1mg+Neomicina 35mg;1;15700;15700;;; 2688 ;Asisfarma SA;01/10/2019;31/10/2020;CONSORCIO;
001-110-104;OLAZAP 10 MG CAJA X 30 TABLETAS;Olanzapina 10 mg;30;137;4110;;; 1010 ;Audifarma SA;01/10/2019;31/10/2020;CONSORCIO;
001-110-104;OLAZAP 10 MG CAJA X 30 TABLETAS;Olanzapina 10 mg;30;137;4110;;; 1026 ;Caja De Comp Fam Compensar;01/10/2019;31/10/2020;CONSORCIO;
001-110-104;OLAZAP 10 MG CAJA X 30 TABLETAS;Olanzapina 10 mg;30;137;4110;;; 2688 ;Asisfarma SA;01/10/2019;31/10/2020;CONSORCIO;
001-110-106;OLAZAP 5 MG CAJA X 30 TAB;Olanzapina 5 mg;30;99;2970;;; 1010 ;Audifarma SA;01/10/2019;31/10/2020;CONSORCIO;
001-110-106;OLAZAP 5 MG CAJA X 30 TAB;Olanzapina 5 mg;30;99;2970;;; 1026 ;Caja De Comp Fam Compensar;01/10/2019;31/10/2020;CONSORCIO;
001-110-106;OLAZAP 5 MG CAJA X 30 TAB;Olanzapina 5 mg;30;99;2970;;; 2688 ;Asisfarma SA;01/10/2019;31/10/2020;CONSORCIO;
001-008-182;OLOPAT SOLUCION OFT 02% X 5 ML;Olopatadina 02%;1;5800;5800;;; 1010 ;Audifarma SA;01/10/2019;31/10/2020;CONSORCIO;
001-008-182;OLOPAT SOLUCION OFT 02% X 5 ML;Olopatadina 02%;1;5800;5800;;; 1026 ;Caja De Comp Fam Compensar;01/10/2019;31/10/2020;CONSORCIO;
001-008-182;OLOPAT SOLUCION OFT 02% X 5 ML;Olopatadina 02%;1;5800;5800;;; 2688 ;Asisfarma SA;01/10/2019;31/10/2020;CONSORCIO;
001-110-110;OMEX 40 MG X 15 CAPSULAS;Omeprazol 40 mg;15;1400;21000;;; 1010 ;Audifarma SA;01/10/2019;31/10/2020;CONSORCIO;
001-110-110;OMEX 40 MG X 15 CAPSULAS;Omeprazol 40 mg;15;1400;21000;;; 1026 ;Caja De Comp Fam Compensar;01/10/2019;31/10/2020;CONSORCIO;
001-110-110;OMEX 40 MG X 15 CAPSULAS;Omeprazol 40 mg;15;1400;21000;;; 2688 ;Asisfarma SA;01/10/2019;31/10/2020;CONSORCIO;
001-110-112;ONDAX 4 MG CAJA X 10 TAB;Ondansetron 4 mg ;10;530;5300;;; 1010 ;Audifarma SA;01/10/2019;31/10/2020;CONSORCIO;
001-110-112;ONDAX 4 MG CAJA X 10 TAB;Ondansetron 4 mg ;10;530;5300;;; 1026 ;Caja De Comp Fam Compensar;01/10/2019;31/10/2020;CONSORCIO;
001-110-112;ONDAX 4 MG CAJA X 10 TAB;Ondansetron 4 mg ;10;530;5300;;; 2688 ;Asisfarma SA;01/10/2019;31/10/2020;CONSORCIO;
001-110-111;ONDAX 4 MG X  1 AMPOLLA;Ondansetron 4 mg ;1;1150;1150;;; 1010 ;Audifarma SA;01/10/2019;31/10/2020;CONSORCIO;
001-110-111;ONDAX 4 MG X  1 AMPOLLA;Ondansetron 4 mg ;1;1150;1150;;; 1026 ;Caja De Comp Fam Compensar;01/10/2019;31/10/2020;CONSORCIO;
001-110-111;ONDAX 4 MG X  1 AMPOLLA;Ondansetron 4 mg ;1;1150;1150;;; 2688 ;Asisfarma SA;01/10/2019;31/10/2020;CONSORCIO;
001-110-113;ONDAX 8 MG CAJA X 1 AMPOLLA;Ondansetron 8 mg ;1;1200;1200;;; 1010 ;Audifarma SA;01/10/2019;31/10/2020;CONSORCIO;
001-110-113;ONDAX 8 MG CAJA X 1 AMPOLLA;Ondansetron 8 mg ;1;1200;1200;;; 1026 ;Caja De Comp Fam Compensar;01/10/2019;31/10/2020;CONSORCIO;
001-110-113;ONDAX 8 MG CAJA X 1 AMPOLLA;Ondansetron 8 mg ;1;1200;1200;;; 2688 ;Asisfarma SA;01/10/2019;31/10/2020;CONSORCIO;
001-110-114;ONDAX 8 MG CAJA X 10 TAB;Ondansetron 8 mg ;10;500;5000;;; 1010 ;Audifarma SA;01/10/2019;31/10/2020;CONSORCIO;
001-110-114;ONDAX 8 MG CAJA X 10 TAB;Ondansetron 8 mg ;10;500;5000;;; 1026 ;Caja De Comp Fam Compensar;01/10/2019;31/10/2020;CONSORCIO;
001-110-114;ONDAX 8 MG CAJA X 10 TAB;Ondansetron 8 mg ;10;500;5000;;; 2688 ;Asisfarma SA;01/10/2019;31/10/2020;CONSORCIO;
001-110-116;ORLIX 40 MG  X 30 TABLETAS;Bromuro de Otilonio 40 mg;30;660;19800;;; 1010 ;Audifarma SA;01/10/2019;31/10/2020;CONSORCIO;
001-110-116;ORLIX 40 MG  X 30 TABLETAS;Bromuro de Otilonio 40 mg;30;660;19800;;; 1026 ;Caja De Comp Fam Compensar;01/10/2019;31/10/2020;CONSORCIO;
001-110-116;ORLIX 40 MG  X 30 TABLETAS;Bromuro de Otilonio 40 mg;30;660;19800;;; 2688 ;Asisfarma SA;01/10/2019;31/10/2020;CONSORCIO;
001-110-117;PANTOPRAX 20 MG X 30 TAB;Pantoprazol 20 mg;30;680;20400;;; 1010 ;Audifarma SA;01/10/2019;31/10/2020;CONSORCIO;
001-110-117;PANTOPRAX 20 MG X 30 TAB;Pantoprazol 20 mg;30;680;20400;;; 1026 ;Caja De Comp Fam Compensar;01/10/2019;31/10/2020;CONSORCIO;
001-110-117;PANTOPRAX 20 MG X 30 TAB;Pantoprazol 20 mg;30;680;20400;;; 2688 ;Asisfarma SA;01/10/2019;31/10/2020;CONSORCIO;
001-006-560;PIASCLEDINE 300 MG X 30;Insaponificables de Persea gratissima 100 mg y Glicina Max 200 mg;30;2100;63000;;; 1010 ;Audifarma SA;01/10/2019;31/10/2020;CONSORCIO;
001-006-560;PIASCLEDINE 300 MG X 30;Insaponificables de Persea gratissima 100 mg y Glicina Max 200 mg;30;2100;63000;;; 1026 ;Caja De Comp Fam Compensar;01/10/2019;31/10/2020;CONSORCIO;
001-006-560;PIASCLEDINE 300 MG X 30;Insaponificables de Persea gratissima 100 mg y Glicina Max 200 mg;30;2100;63000;;; 2688 ;Asisfarma SA;01/10/2019;31/10/2020;CONSORCIO;
001-008-052;POENGATIF 5 ML;Gatifloxacina 03%;1;47000;47000;;; 1010 ;Audifarma SA;01/10/2019;31/10/2020;CONSORCIO;
001-008-052;POENGATIF 5 ML;Gatifloxacina 03%;1;47000;47000;;; 1026 ;Caja De Comp Fam Compensar;01/10/2019;31/10/2020;CONSORCIO;
001-008-052;POENGATIF 5 ML;Gatifloxacina 03%;1;47000;47000;;; 2688 ;Asisfarma SA;01/10/2019;31/10/2020;CONSORCIO;
001-500-438;PRESIDERM UNG X 15 G;Mupirocina 2%;1;18500;18500;;; 1010 ;Audifarma SA;01/10/2019;31/10/2020;CONSORCIO;
001-500-438;PRESIDERM UNG X 15 G;Mupirocina 2%;1;18500;18500;;; 1026 ;Caja De Comp Fam Compensar;01/10/2019;31/10/2020;CONSORCIO;
001-500-438;PRESIDERM UNG X 15 G;Mupirocina 2%;1;18500;18500;;; 2688 ;Asisfarma SA;01/10/2019;31/10/2020;CONSORCIO;
001-500-171;PROCICAR CREMA X 60 G;Oxido de Zinc + Calamina 5%;1;14500;14500;;; 1010 ;Audifarma SA;01/10/2019;31/10/2020;CONSORCIO;
001-500-171;PROCICAR CREMA X 60 G;Oxido de Zinc + Calamina 5%;1;14500;14500;;; 1026 ;Caja De Comp Fam Compensar;01/10/2019;31/10/2020;CONSORCIO;
001-500-171;PROCICAR CREMA X 60 G;Oxido de Zinc + Calamina 5%;1;14500;14500;;; 2688 ;Asisfarma SA;01/10/2019;31/10/2020;CONSORCIO;
001-500-655;PROCICAR NF CREMA X 60 G;Oxido de Zinc + Calamina + D Pantenol + Acido Hialuronico;1;14700;14700;;; 1010 ;Audifarma SA;01/10/2019;31/10/2020;CONSORCIO;
001-500-655;PROCICAR NF CREMA X 60 G;Oxido de Zinc + Calamina + D Pantenol + Acido Hialuronico;1;14700;14700;;; 1026 ;Caja De Comp Fam Compensar;01/10/2019;31/10/2020;CONSORCIO;
001-500-655;PROCICAR NF CREMA X 60 G;Oxido de Zinc + Calamina + D Pantenol + Acido Hialuronico;1;14700;14700;;; 2688 ;Asisfarma SA;01/10/2019;31/10/2020;CONSORCIO;
001-110-125;PROSTARIDE 2 MG X 30 TABLETAS;Doxasozina 2 mg;30;190;5700;;; 1010 ;Audifarma SA;01/10/2019;31/10/2020;CONSORCIO;
001-110-125;PROSTARIDE 2 MG X 30 TABLETAS;Doxasozina 2 mg;30;190;5700;;; 1026 ;Caja De Comp Fam Compensar;01/10/2019;31/10/2020;CONSORCIO;
001-110-125;PROSTARIDE 2 MG X 30 TABLETAS;Doxasozina 2 mg;30;190;5700;;; 2688 ;Asisfarma SA;01/10/2019;31/10/2020;CONSORCIO;
001-110-127;PROSTARIDE 4 MG X 30 TABLETAS;Doxasozina 4 mg;30;250;7500;;; 1010 ;Audifarma SA;01/10/2019;31/10/2020;CONSORCIO;
001-110-127;PROSTARIDE 4 MG X 30 TABLETAS;Doxasozina 4 mg;30;250;7500;;; 1026 ;Caja De Comp Fam Compensar;01/10/2019;31/10/2020;CONSORCIO;
001-110-127;PROSTARIDE 4 MG X 30 TABLETAS;Doxasozina 4 mg;30;250;7500;;; 2688 ;Asisfarma SA;01/10/2019;31/10/2020;CONSORCIO;
001-110-130;QUINOMAX 400 MG CAJA X 7 TAB;Moxifloxacina 400 mg;7;1800;12600;;; 1010 ;Audifarma SA;01/10/2019;31/10/2020;CONSORCIO;
001-110-130;QUINOMAX 400 MG CAJA X 7 TAB;Moxifloxacina 400 mg;7;1800;12600;;; 1026 ;Caja De Comp Fam Compensar;01/10/2019;31/10/2020;CONSORCIO;
001-110-130;QUINOMAX 400 MG CAJA X 7 TAB;Moxifloxacina 400 mg;7;1800;12600;;; 2688 ;Asisfarma SA;01/10/2019;31/10/2020;CONSORCIO;
001-110-132;RINOSAL 005% X 10 GRAMOS;Mometasona de furoato  50 mcg por cada 100 mg;1;7500;7500;;; 1010 ;Audifarma SA;01/10/2019;31/10/2020;CONSORCIO;
001-110-132;RINOSAL 005% X 10 GRAMOS;Mometasona de furoato  50 mcg por cada 100 mg;1;7500;7500;;; 1026 ;Caja De Comp Fam Compensar;01/10/2019;31/10/2020;CONSORCIO;
001-110-132;RINOSAL 005% X 10 GRAMOS;Mometasona de furoato  50 mcg por cada 100 mg;1;7500;7500;;; 2688 ;Asisfarma SA;01/10/2019;31/10/2020;CONSORCIO;
001-110-133;RINOSAL 005% X 18 GRAMOS;Mometasona de furoato  50 mcg por cada 100 mg;1;7800;7800;;; 1010 ;Audifarma SA;01/10/2019;31/10/2020;CONSORCIO;
001-110-133;RINOSAL 005% X 18 GRAMOS;Mometasona de furoato  50 mcg por cada 100 mg;1;7800;7800;;; 1026 ;Caja De Comp Fam Compensar;01/10/2019;31/10/2020;CONSORCIO;
001-110-133;RINOSAL 005% X 18 GRAMOS;Mometasona de furoato  50 mcg por cada 100 mg;1;7800;7800;;; 2688 ;Asisfarma SA;01/10/2019;31/10/2020;CONSORCIO;
001-110-136;RINOTADIN 5 MG CAJA X 10 TAB;Desloratadina 5 mg;10;210;2100;;; 1010 ;Audifarma SA;01/10/2019;31/10/2020;CONSORCIO;
001-110-136;RINOTADIN 5 MG CAJA X 10 TAB;Desloratadina 5 mg;10;210;2100;;; 1026 ;Caja De Comp Fam Compensar;01/10/2019;31/10/2020;CONSORCIO;
001-110-136;RINOTADIN 5 MG CAJA X 10 TAB;Desloratadina 5 mg;10;210;2100;;; 2688 ;Asisfarma SA;01/10/2019;31/10/2020;CONSORCIO;
001-110-140;ROSUVAX 20 MG CAJA X 30 TABLETAS;Rosuvastatina 20 mg;30;330;9900;;; 1010 ;Audifarma SA;01/10/2019;31/10/2020;CONSORCIO;
001-110-140;ROSUVAX 20 MG CAJA X 30 TABLETAS;Rosuvastatina 20 mg;30;330;9900;;; 1026 ;Caja De Comp Fam Compensar;01/10/2019;31/10/2020;CONSORCIO;
001-110-140;ROSUVAX 20 MG CAJA X 30 TABLETAS;Rosuvastatina 20 mg;30;330;9900;;; 2688 ;Asisfarma SA;01/10/2019;31/10/2020;CONSORCIO;
001-500-265;ROZELAIC GEL X 30 G;Acido Azelaico 15%;1;47000;47000;;; 1010 ;Audifarma SA;01/10/2019;31/10/2020;CONSORCIO;
001-500-265;ROZELAIC GEL X 30 G;Acido Azelaico 15%;1;47000;47000;;; 1026 ;Caja De Comp Fam Compensar;01/10/2019;31/10/2020;CONSORCIO;
001-500-265;ROZELAIC GEL X 30 G;Acido Azelaico 15%;1;47000;47000;;; 2688 ;Asisfarma SA;01/10/2019;31/10/2020;CONSORCIO;
001-006-100;SERTAL COMP X 100 COMP RECUB;Propinox 10 mg + Clonixinato de Lisina 125 mg;100;1365;136500;;; 1010 ;Audifarma SA;01/10/2019;31/10/2020;CONSORCIO;
001-006-100;SERTAL COMP X 100 COMP RECUB;Propinox 10 mg + Clonixinato de Lisina 125 mg;100;1365;136500;;; 1026 ;Caja De Comp Fam Compensar;01/10/2019;31/10/2020;CONSORCIO;
001-006-100;SERTAL COMP X 100 COMP RECUB;Propinox 10 mg + Clonixinato de Lisina 125 mg;100;1365;136500;;; 2688 ;Asisfarma SA;01/10/2019;31/10/2020;CONSORCIO;
001-006-126;SERTAL X 20 COMPRIMIDOS;Propinox 10 mg;20;1470;29400;;; 1010 ;Audifarma SA;01/10/2019;31/10/2020;CONSORCIO;
001-006-126;SERTAL X 20 COMPRIMIDOS;Propinox 10 mg;20;1470;29400;;; 1026 ;Caja De Comp Fam Compensar;01/10/2019;31/10/2020;CONSORCIO;
001-006-126;SERTAL X 20 COMPRIMIDOS;Propinox 10 mg;20;1470;29400;;; 2688 ;Asisfarma SA;01/10/2019;31/10/2020;CONSORCIO;
001-004-586;SINAC GEL X 30 G;Clindamicina 1% Peroxido de Benzoilo 5% ;1;83000;83000;;; 1010 ;Audifarma SA;01/10/2019;31/10/2020;CONSORCIO;
001-004-586;SINAC GEL X 30 G;Clindamicina 1% Peroxido de Benzoilo 5% ;1;83000;83000;;; 1026 ;Caja De Comp Fam Compensar;01/10/2019;31/10/2020;CONSORCIO;
001-004-586;SINAC GEL X 30 G;Clindamicina 1% Peroxido de Benzoilo 5% ;1;83000;83000;;; 2688 ;Asisfarma SA;01/10/2019;31/10/2020;CONSORCIO;
001-110-145;SULIMAX 500 MG 30 TABLETAS;Mesalazina 500 mg;30;305;9150;;; 1010 ;Audifarma SA;01/10/2019;31/10/2020;CONSORCIO;
001-110-145;SULIMAX 500 MG 30 TABLETAS;Mesalazina 500 mg;30;305;9150;;; 1026 ;Caja De Comp Fam Compensar;01/10/2019;31/10/2020;CONSORCIO;
001-110-145;SULIMAX 500 MG 30 TABLETAS;Mesalazina 500 mg;30;305;9150;;; 2688 ;Asisfarma SA;01/10/2019;31/10/2020;CONSORCIO;
001-110-146;SULPRID 25 MG X 20 TABLETAS;Levosulpirida 25 mg;20;460;9200;;; 1010 ;Audifarma SA;01/10/2019;31/10/2020;CONSORCIO;
001-110-146;SULPRID 25 MG X 20 TABLETAS;Levosulpirida 25 mg;20;460;9200;;; 1026 ;Caja De Comp Fam Compensar;01/10/2019;31/10/2020;CONSORCIO;
001-110-146;SULPRID 25 MG X 20 TABLETAS;Levosulpirida 25 mg;20;460;9200;;; 2688 ;Asisfarma SA;01/10/2019;31/10/2020;CONSORCIO;
001-008-191;TALOF GOTAS X 5 ML;Loteprednol Etabonato 02%;1;37800;37800;;; 1010 ;Audifarma SA;01/10/2019;31/10/2020;CONSORCIO;
001-008-191;TALOF GOTAS X 5 ML;Loteprednol Etabonato 02%;1;37800;37800;;; 1026 ;Caja De Comp Fam Compensar;01/10/2019;31/10/2020;CONSORCIO;
001-008-191;TALOF GOTAS X 5 ML;Loteprednol Etabonato 02%;1;37800;37800;;; 2688 ;Asisfarma SA;01/10/2019;31/10/2020;CONSORCIO;
001-110-150;TAZEPIN 30 MG CAJA  X 20 TAB;Mirtazapina 30 mg;20;275;5500;;; 1010 ;Audifarma SA;01/10/2019;31/10/2020;CONSORCIO;
001-110-150;TAZEPIN 30 MG CAJA  X 20 TAB;Mirtazapina 30 mg;20;275;5500;;; 1026 ;Caja De Comp Fam Compensar;01/10/2019;31/10/2020;CONSORCIO;
001-110-150;TAZEPIN 30 MG CAJA  X 20 TAB;Mirtazapina 30 mg;20;275;5500;;; 2688 ;Asisfarma SA;01/10/2019;31/10/2020;CONSORCIO;
001-110-193;TIAMAX 100 MG X 30 TABLETAS;Quetiapina 100 mg;30;150;4500;;; 1010 ;Audifarma SA;01/10/2019;31/10/2020;CONSORCIO;
001-110-193;TIAMAX 100 MG X 30 TABLETAS;Quetiapina 100 mg;30;150;4500;;; 1026 ;Caja De Comp Fam Compensar;01/10/2019;31/10/2020;CONSORCIO;
001-110-193;TIAMAX 100 MG X 30 TABLETAS;Quetiapina 100 mg;30;150;4500;;; 2688 ;Asisfarma SA;01/10/2019;31/10/2020;CONSORCIO;
001-110-194;TIAMAX 200 MG X 30 TABLETAS;Quetiapina 200 mg;30;247;7410;;; 1010 ;Audifarma SA;01/10/2019;31/10/2020;CONSORCIO;
001-110-194;TIAMAX 200 MG X 30 TABLETAS;Quetiapina 200 mg;30;247;7410;;; 1026 ;Caja De Comp Fam Compensar;01/10/2019;31/10/2020;CONSORCIO;
001-110-194;TIAMAX 200 MG X 30 TABLETAS;Quetiapina 200 mg;30;247;7410;;; 2688 ;Asisfarma SA;01/10/2019;31/10/2020;CONSORCIO;
001-110-155;TIAMAX 25 MG X 30 TABLETAS;Quetiapina 25 mg;30;90;2700;;; 1010 ;Audifarma SA;01/10/2019;31/10/2020;CONSORCIO;
001-110-155;TIAMAX 25 MG X 30 TABLETAS;Quetiapina 25 mg;30;90;2700;;; 1026 ;Caja De Comp Fam Compensar;01/10/2019;31/10/2020;CONSORCIO;
001-110-155;TIAMAX 25 MG X 30 TABLETAS;Quetiapina 25 mg;30;90;2700;;; 2688 ;Asisfarma SA;01/10/2019;31/10/2020;CONSORCIO;
001-008-101;TOPTEAR FCO 10 ML;Hialuronato de Sodio 04%;1;17000;17000;;; 1010 ;Audifarma SA;01/10/2019;31/10/2020;CONSORCIO;
001-008-101;TOPTEAR FCO 10 ML;Hialuronato de Sodio 04%;1;17000;17000;;; 1026 ;Caja De Comp Fam Compensar;01/10/2019;31/10/2020;CONSORCIO;
001-008-101;TOPTEAR FCO 10 ML;Hialuronato de Sodio 04%;1;17000;17000;;; 2688 ;Asisfarma SA;01/10/2019;31/10/2020;CONSORCIO;
001-008-102;TOPTEAR P SOL OFT X 10 ML;Hialuronato de Sodio 02%;1;18133;18133;;; 1010 ;Audifarma SA;01/10/2019;31/10/2020;CONSORCIO;
001-008-102;TOPTEAR P SOL OFT X 10 ML;Hialuronato de Sodio 02%;1;18133;18133;;; 1026 ;Caja De Comp Fam Compensar;01/10/2019;31/10/2020;CONSORCIO;
001-008-102;TOPTEAR P SOL OFT X 10 ML;Hialuronato de Sodio 02%;1;18133;18133;;; 2688 ;Asisfarma SA;01/10/2019;31/10/2020;CONSORCIO;
001-006-142;TRACTAL 2 MG X 30 CREC;Risperidona 2 mg;30;639;19170;;; 1010 ;Audifarma SA;01/10/2019;31/10/2020;CONSORCIO;
001-006-142;TRACTAL 2 MG X 30 CREC;Risperidona 2 mg;30;639;19170;;; 1026 ;Caja De Comp Fam Compensar;01/10/2019;31/10/2020;CONSORCIO;
001-006-142;TRACTAL 2 MG X 30 CREC;Risperidona 2 mg;30;639;19170;;; 2688 ;Asisfarma SA;01/10/2019;31/10/2020;CONSORCIO;
001-006-089;TRACTAL GOTAS X 20 ML;Risperidona 1 mg;1;7392;7392;;; 1010 ;Audifarma SA;01/10/2019;31/10/2020;CONSORCIO;
001-006-089;TRACTAL GOTAS X 20 ML;Risperidona 1 mg;1;7392;7392;;; 1026 ;Caja De Comp Fam Compensar;01/10/2019;31/10/2020;CONSORCIO;
001-006-089;TRACTAL GOTAS X 20 ML;Risperidona 1 mg;1;7392;7392;;; 2688 ;Asisfarma SA;01/10/2019;31/10/2020;CONSORCIO;
001-500-103;UMBRELLA CREMA 50+ X 60G;Pantalla + 3 filtros solares + Vitamina E;1;48672;48672;;; 1010 ;Audifarma SA;01/10/2019;31/10/2020;CONSORCIO;
001-500-103;UMBRELLA CREMA 50+ X 60G;Pantalla + 3 filtros solares + Vitamina E;1;48672;48672;;; 1026 ;Caja De Comp Fam Compensar;01/10/2019;31/10/2020;CONSORCIO;
001-500-103;UMBRELLA CREMA 50+ X 60G;Pantalla + 3 filtros solares + Vitamina E;1;48672;48672;;; 2688 ;Asisfarma SA;01/10/2019;31/10/2020;CONSORCIO;
001-500-104;UMBRELLA GEL 50+ X 60 G;Pantalla + 3  filtros solares;1;48672;48672;;; 1010 ;Audifarma SA;01/10/2019;31/10/2020;CONSORCIO;
001-500-104;UMBRELLA GEL 50+ X 60 G;Pantalla + 3  filtros solares;1;48672;48672;;; 1026 ;Caja De Comp Fam Compensar;01/10/2019;31/10/2020;CONSORCIO;
001-500-104;UMBRELLA GEL 50+ X 60 G;Pantalla + 3  filtros solares;1;48672;48672;;; 2688 ;Asisfarma SA;01/10/2019;31/10/2020;CONSORCIO;
001-500-118;UMBRELLA INTELLIGENT SPF 100 X 50 G;Protector solar de ultima generación SPF 100 con amplio espectro;1;64896;64896;;; 1010 ;Audifarma SA;01/10/2019;31/10/2020;CONSORCIO;
001-500-118;UMBRELLA INTELLIGENT SPF 100 X 50 G;Protector solar de ultima generación SPF 100 con amplio espectro;1;64896;64896;;; 1026 ;Caja De Comp Fam Compensar;01/10/2019;31/10/2020;CONSORCIO;
001-500-118;UMBRELLA INTELLIGENT SPF 100 X 50 G;Protector solar de ultima generación SPF 100 con amplio espectro;1;64896;64896;;; 2688 ;Asisfarma SA;01/10/2019;31/10/2020;CONSORCIO;
001-500-106;UMBRELLA KIDS RESISTENTE AL AGUA 50+ X 120 G;Filtros solares en vehiculo resistente al agua;1;50960;50960;;; 1010 ;Audifarma SA;01/10/2019;31/10/2020;CONSORCIO;
001-500-106;UMBRELLA KIDS RESISTENTE AL AGUA 50+ X 120 G;Filtros solares en vehiculo resistente al agua;1;50960;50960;;; 1026 ;Caja De Comp Fam Compensar;01/10/2019;31/10/2020;CONSORCIO;
001-500-106;UMBRELLA KIDS RESISTENTE AL AGUA 50+ X 120 G;Filtros solares en vehiculo resistente al agua;1;50960;50960;;; 2688 ;Asisfarma SA;01/10/2019;31/10/2020;CONSORCIO;
001-500-105;UMBRELLA PLUS 50+ X 120 G;Pantalla + filtros solares + Vitamina E;1;48672;48672;;; 1010 ;Audifarma SA;01/10/2019;31/10/2020;CONSORCIO;
001-500-105;UMBRELLA PLUS 50+ X 120 G;Pantalla + filtros solares + Vitamina E;1;48672;48672;;; 1026 ;Caja De Comp Fam Compensar;01/10/2019;31/10/2020;CONSORCIO;
001-500-105;UMBRELLA PLUS 50+ X 120 G;Pantalla + filtros solares + Vitamina E;1;48672;48672;;; 2688 ;Asisfarma SA;01/10/2019;31/10/2020;CONSORCIO;
001-006-152;UMQUAN GOTAS X 20 ML;Pelargonium Sidoides;1;30000;30000;;; 1010 ;Audifarma SA;01/10/2019;31/10/2020;CONSORCIO;
001-006-152;UMQUAN GOTAS X 20 ML;Pelargonium Sidoides;1;30000;30000;;; 1026 ;Caja De Comp Fam Compensar;01/10/2019;31/10/2020;CONSORCIO;
001-006-152;UMQUAN GOTAS X 20 ML;Pelargonium Sidoides;1;30000;30000;;; 2688 ;Asisfarma SA;01/10/2019;31/10/2020;CONSORCIO;
001-006-153;UMQUAN GOTAS X 50 ML;Pelargonium Sidoides;1;52300;52300;;; 1010 ;Audifarma SA;01/10/2019;31/10/2020;CONSORCIO;
001-006-153;UMQUAN GOTAS X 50 ML;Pelargonium Sidoides;1;52300;52300;;; 1026 ;Caja De Comp Fam Compensar;01/10/2019;31/10/2020;CONSORCIO;
001-006-153;UMQUAN GOTAS X 50 ML;Pelargonium Sidoides;1;52300;52300;;; 2688 ;Asisfarma SA;01/10/2019;31/10/2020;CONSORCIO;
001-004-461;UREADERM 10% X 60 G;Urea 10%;1;13000;13000;;; 1010 ;Audifarma SA;01/10/2019;31/10/2020;CONSORCIO;
001-004-461;UREADERM 10% X 60 G;Urea 10%;1;13000;13000;;; 1026 ;Caja De Comp Fam Compensar;01/10/2019;31/10/2020;CONSORCIO;
001-004-461;UREADERM 10% X 60 G;Urea 10%;1;13000;13000;;; 2688 ;Asisfarma SA;01/10/2019;31/10/2020;CONSORCIO;
001-004-472;UREADERM 15% X 60 G;Urea 15%;1;7400;7400;;; 1010 ;Audifarma SA;01/10/2019;31/10/2020;CONSORCIO;
001-004-472;UREADERM 15% X 60 G;Urea 15%;1;7400;7400;;; 1026 ;Caja De Comp Fam Compensar;01/10/2019;31/10/2020;CONSORCIO;
001-004-472;UREADERM 15% X 60 G;Urea 15%;1;7400;7400;;; 2688 ;Asisfarma SA;01/10/2019;31/10/2020;CONSORCIO;
001-500-481;UREADERM LACTATO X 225G;Urea 5% + Acido Láctico 8%;1;52600;52600;;; 1010 ;Audifarma SA;01/10/2019;31/10/2020;CONSORCIO;
001-500-481;UREADERM LACTATO X 225G;Urea 5% + Acido Láctico 8%;1;52600;52600;;; 1026 ;Caja De Comp Fam Compensar;01/10/2019;31/10/2020;CONSORCIO;
001-500-481;UREADERM LACTATO X 225G;Urea 5% + Acido Láctico 8%;1;52600;52600;;; 2688 ;Asisfarma SA;01/10/2019;31/10/2020;CONSORCIO;
001-110-156;UROFLAV 500 MG CAJA X 10 TABLETAS;Levofloxacina Hemihidrato 500 mg;10;470;4700;;; 1010 ;Audifarma SA;01/10/2019;31/10/2020;CONSORCIO;
001-110-156;UROFLAV 500 MG CAJA X 10 TABLETAS;Levofloxacina Hemihidrato 500 mg;10;470;4700;;; 1026 ;Caja De Comp Fam Compensar;01/10/2019;31/10/2020;CONSORCIO;
001-110-156;UROFLAV 500 MG CAJA X 10 TABLETAS;Levofloxacina Hemihidrato 500 mg;10;470;4700;;; 2688 ;Asisfarma SA;01/10/2019;31/10/2020;CONSORCIO;
001-110-158;UROFLAV 750 MG CAJA X 5 TABLETAS;Levofloxacina Hemihidrato 750 mg;5;1830;9150;;; 1010 ;Audifarma SA;01/10/2019;31/10/2020;CONSORCIO;
001-110-158;UROFLAV 750 MG CAJA X 5 TABLETAS;Levofloxacina Hemihidrato 750 mg;5;1830;9150;;; 1026 ;Caja De Comp Fam Compensar;01/10/2019;31/10/2020;CONSORCIO;
001-110-158;UROFLAV 750 MG CAJA X 5 TABLETAS;Levofloxacina Hemihidrato 750 mg;5;1830;9150;;; 2688 ;Asisfarma SA;01/10/2019;31/10/2020;CONSORCIO;
001-110-160;VALCOX 10 MG X 30 TABLETAS;Memantina 10 mg;30;150;4500;;; 1010 ;Audifarma SA;01/10/2019;31/10/2020;CONSORCIO;
001-110-160;VALCOX 10 MG X 30 TABLETAS;Memantina 10 mg;30;150;4500;;; 1026 ;Caja De Comp Fam Compensar;01/10/2019;31/10/2020;CONSORCIO;
001-110-160;VALCOX 10 MG X 30 TABLETAS;Memantina 10 mg;30;150;4500;;; 2688 ;Asisfarma SA;01/10/2019;31/10/2020;CONSORCIO;
001-110-166;VALSAPREX   H 160/125 MG CAJA X 28 TABLETAS;Valsartan 160 mg + Hidroclorotiazida 125 mg;28;300;8400;;; 1010 ;Audifarma SA;01/10/2019;31/10/2020;CONSORCIO;
001-110-166;VALSAPREX   H 160/125 MG CAJA X 28 TABLETAS;Valsartan 160 mg + Hidroclorotiazida 125 mg;28;300;8400;;; 1026 ;Caja De Comp Fam Compensar;01/10/2019;31/10/2020;CONSORCIO;
001-110-166;VALSAPREX   H 160/125 MG CAJA X 28 TABLETAS;Valsartan 160 mg + Hidroclorotiazida 125 mg;28;300;8400;;; 2688 ;Asisfarma SA;01/10/2019;31/10/2020;CONSORCIO;
001-110-168;VALSAPREX H 80/125 MG CAJA X 28 TAB;Valsartan 80 mg + Hidroclorotiazida 125 mg;28;254;7112;;; 1010 ;Audifarma SA;01/10/2019;31/10/2020;CONSORCIO;
001-110-168;VALSAPREX H 80/125 MG CAJA X 28 TAB;Valsartan 80 mg + Hidroclorotiazida 125 mg;28;254;7112;;; 1026 ;Caja De Comp Fam Compensar;01/10/2019;31/10/2020;CONSORCIO;
001-110-168;VALSAPREX H 80/125 MG CAJA X 28 TAB;Valsartan 80 mg + Hidroclorotiazida 125 mg;28;254;7112;;; 2688 ;Asisfarma SA;01/10/2019;31/10/2020;CONSORCIO;
001-110-169;VASIP 80 MG  CAJA X 30 TAB;Ginkgo Biloba 80 mg;30;160;4800;;; 1010 ;Audifarma SA;01/10/2019;31/10/2020;CONSORCIO;
001-110-169;VASIP 80 MG  CAJA X 30 TAB;Ginkgo Biloba 80 mg;30;160;4800;;; 1026 ;Caja De Comp Fam Compensar;01/10/2019;31/10/2020;CONSORCIO;
001-110-169;VASIP 80 MG  CAJA X 30 TAB;Ginkgo Biloba 80 mg;30;160;4800;;; 2688 ;Asisfarma SA;01/10/2019;31/10/2020;CONSORCIO;
001-110-170;VENOMAX 500 MG CAJA X 30 TAB;Diosmina 450 mg + Hesperidina 50 mg;30;550;16500;;; 1010 ;Audifarma SA;01/10/2019;31/10/2020;CONSORCIO;
001-110-170;VENOMAX 500 MG CAJA X 30 TAB;Diosmina 450 mg + Hesperidina 50 mg;30;550;16500;;; 1026 ;Caja De Comp Fam Compensar;01/10/2019;31/10/2020;CONSORCIO;
001-110-170;VENOMAX 500 MG CAJA X 30 TAB;Diosmina 450 mg + Hesperidina 50 mg;30;550;16500;;; 2688 ;Asisfarma SA;01/10/2019;31/10/2020;CONSORCIO;
001-500-511;VIROSUPRIL CREMA X 5 G;Imiquimod 5%;1;35000;35000;;; 1010 ;Audifarma SA;01/10/2019;31/10/2020;CONSORCIO;
001-500-511;VIROSUPRIL CREMA X 5 G;Imiquimod 5%;1;35000;35000;;; 1026 ;Caja De Comp Fam Compensar;01/10/2019;31/10/2020;CONSORCIO;
001-500-511;VIROSUPRIL CREMA X 5 G;Imiquimod 5%;1;35000;35000;;; 2688 ;Asisfarma SA;01/10/2019;31/10/2020;CONSORCIO;
001-008-205;XEGREX SOLUCIÓN OFTÁLMICA x 5 ML;Dorzolamida 20 mg + Brimonidina Tartrato 2 mg + Timolol 5 mg;1;12800;12800;;; 1010 ;Audifarma SA;01/10/2019;31/10/2020;CONSORCIO;
001-008-205;XEGREX SOLUCIÓN OFTÁLMICA x 5 ML;Dorzolamida 20 mg + Brimonidina Tartrato 2 mg + Timolol 5 mg;1;12800;12800;;; 1026 ;Caja De Comp Fam Compensar;01/10/2019;31/10/2020;CONSORCIO;
001-008-205;XEGREX SOLUCIÓN OFTÁLMICA x 5 ML;Dorzolamida 20 mg + Brimonidina Tartrato 2 mg + Timolol 5 mg;1;12800;12800;;; 2688 ;Asisfarma SA;01/10/2019;31/10/2020;CONSORCIO;
001-110-172;XIFEN H 80/125 MG X 30 TABLETAS;Telmisartan 80 mg + Hidroclorotiazida 125 mg;30;1785;53550;;; 1010 ;Audifarma SA;01/10/2019;31/10/2020;CONSORCIO;
001-110-172;XIFEN H 80/125 MG X 30 TABLETAS;Telmisartan 80 mg + Hidroclorotiazida 125 mg;30;1785;53550;;; 1026 ;Caja De Comp Fam Compensar;01/10/2019;31/10/2020;CONSORCIO;
001-110-172;XIFEN H 80/125 MG X 30 TABLETAS;Telmisartan 80 mg + Hidroclorotiazida 125 mg;30;1785;53550;;; 2688 ;Asisfarma SA;01/10/2019;31/10/2020;CONSORCIO;
001-006-193;ZENTIUS COMP 20 MG X 30;Citalopram 20 mg;30;2500;75000;;; 1010 ;Audifarma SA;01/10/2019;31/10/2020;CONSORCIO;
001-006-193;ZENTIUS COMP 20 MG X 30;Citalopram 20 mg;30;2500;75000;;; 1026 ;Caja De Comp Fam Compensar;01/10/2019;31/10/2020;CONSORCIO;
001-006-193;ZENTIUS COMP 20 MG X 30;Citalopram 20 mg;30;2500;75000;;; 2688 ;Asisfarma SA;01/10/2019;31/10/2020;CONSORCIO;
001-110-174;ZOPLIMAX 2 MG 30 TABLETAS;Eszopiclona 2 mg;30;460;13800;;; 1010 ;Audifarma SA;01/10/2019;31/10/2020;CONSORCIO;
001-110-174;ZOPLIMAX 2 MG 30 TABLETAS;Eszopiclona 2 mg;30;460;13800;;; 1026 ;Caja De Comp Fam Compensar;01/10/2019;31/10/2020;CONSORCIO;
001-110-174;ZOPLIMAX 2 MG 30 TABLETAS;Eszopiclona 2 mg;30;460;13800;;; 2688 ;Asisfarma SA;01/10/2019;31/10/2020;CONSORCIO;
001-110-175;ZOPLIMAX 3 MG 30 TABLETAS;Eszopiclona 3 mg;30;550;16500;;; 1010 ;Audifarma SA;01/10/2019;31/10/2020;CONSORCIO;
001-110-175;ZOPLIMAX 3 MG 30 TABLETAS;Eszopiclona 3 mg;30;550;16500;;; 1026 ;Caja De Comp Fam Compensar;01/10/2019;31/10/2020;CONSORCIO;
001-110-175;ZOPLIMAX 3 MG 30 TABLETAS;Eszopiclona 3 mg;30;550;16500;;; 2688 ;Asisfarma SA;01/10/2019;31/10/2020;CONSORCIO;
001-500-024;ZUDENINA GEL X 30 G;Adapalene 01%;1;55000;55000;;; 1010 ;Audifarma SA;01/10/2019;31/10/2020;CONSORCIO;
001-500-024;ZUDENINA GEL X 30 G;Adapalene 01%;1;55000;55000;;; 1026 ;Caja De Comp Fam Compensar;01/10/2019;31/10/2020;CONSORCIO;
001-500-024;ZUDENINA GEL X 30 G;Adapalene 01%;1;55000;55000;;; 2688 ;Asisfarma SA;01/10/2019;31/10/2020;CONSORCIO;
001-500-030;ZUDENINA PLUS GEL X 30;Adapalene 01% Clindamicina 1%;1;71000;71000;;; 1010 ;Audifarma SA;01/10/2019;31/10/2020;CONSORCIO;
001-500-030;ZUDENINA PLUS GEL X 30;Adapalene 01% Clindamicina 1%;1;71000;71000;;; 1026 ;Caja De Comp Fam Compensar;01/10/2019;31/10/2020;CONSORCIO;
001-500-030;ZUDENINA PLUS GEL X 30;Adapalene 01% Clindamicina 1%;1;71000;71000;;; 2688 ;Asisfarma SA;01/10/2019;31/10/2020;CONSORCIO;
